bandwidth,cruise_speed,firm_obstacle,illuminance,obstacle_distance,obstacle_size,power,quality,smoke_intensity
18.13867865931777,4.653422840440233,0.0,23620.28049821734,5.738284655133433,62.338324764647155,77.0,1.0,1.0
46.830762771677186,4.256716991639589,0.0,119958.00168004798,0.6165365078657625,71.3141795916241,24.0,0.0,0.0
19.968082369198473,4.191559232102914,0.0,71789.66211854665,3.800181265362843,100.8772331558949,71.0,1.0,1.0
49.30638716219181,4.9490090367487065,0.0,95839.86465688901,6.238384547638738,25.45275081375147,88.0,1.0,1.0
16.324546633896016,3.9932284480144227,0.0,47811.00614181193,3.8505038112383225,119.27250736568907,91.0,0.0,0.0
49.33225437876204,2.930126713917697,0.0,383.97354439331906,5.920013244827032,69.14924675150992,99.0,0.0,0.0
23.05296736990193,2.1976320246920937,0.0,107930.71548857338,4.162763007524943,49.603789982571364,14.0,0.0,0.0
49.11712433882109,1.1864627318771392,0.0,59872.75828724937,3.8291290054183627,70.69185483595149,15.0,1.0,1.0
21.42556296066534,1.0335420738130856,0.0,35705.194485203065,1.8281719854712952,89.72577322784753,96.0,0.0,1.0
37.55589961756078,3.9101142398335966,0.0,83439.16239031963,8.4844595120829,105.39886230111341,63.0,1.0,1.0
49.50063860108655,2.0027726179843848,0.0,12001.045469589893,8.376791227401815,43.2318326988307,68.0,1.0,1.0
12.032237271025625,0.1668671756156942,0.0,89645.98760920938,6.3086909152914785,68.42352863565029,27.0,0.0,1.0
27.198963086019027,4.31511616919873,0.0,101938.75081673636,3.138966062237868,79.7044878674423,62.0,0.0,0.0
41.50858099921692,4.845236535125605,0.0,29648.59524551859,5.92140170348444,34.182385445973864,46.0,0.0,0.0
10.409288265201928,4.776954429153556,0.0,41821.647316842944,2.742902704706024,24.542532750644668,57.0,1.0,0.0
42.12160650510325,0.9232608653604735,0.0,114033.98153971448,9.00297858789478,77.34904388294007,37.0,1.0,0.0
27.55734805990822,1.551413797217918,0.0,65857.02279051507,6.684405421343876,66.04769027210449,58.0,0.0,1.0
37.09685442207483,3.052867506434761,0.0,53919.419380546315,4.300590802237105,83.86456959438445,18.0,0.0,0.0
19.99323074105505,3.4883176473172166,0.0,77588.49848033294,5.128466055165911,105.71030617415647,69.0,0.0,1.0
26.796560955164523,4.8380362263297245,0.0,17733.449220177685,1.4085019998748727,44.27148447620962,85.0,1.0,0.0
27.42254154645324,1.3986331414995297,0.0,6109.741461161926,6.5509198147888394,81.12338839296919,51.0,0.0,1.0
42.79307201426952,4.462997848465108,0.0,92770.96817505675,5.860222331514683,38.46460180585464,38.0,1.0,1.0
46.703776559384295,1.5095828652494965,0.0,110965.00492659549,2.1694866196244664,107.71315846346364,37.0,0.0,0.0
15.127709381516304,0.6589465224217245,0.0,50855.426119431606,6.201311179544153,97.95993690552183,88.0,0.0,1.0
14.209286417805256,4.913508922012658,0.0,32661.248401850815,5.627958361670217,92.995092604475,95.0,1.0,0.0
48.45362777515597,3.277100795139426,0.0,98888.81776260752,5.760465777985733,102.59665921080956,64.0,0.0,0.0
30.13080232450164,2.4992695941210656,0.0,86597.4246411036,5.228616571922085,45.78038999078983,52.0,0.0,1.0
44.90047590354535,2.2078420872892286,0.0,38788.28490734921,7.62615035676093,113.19300864896037,82.0,0.0,1.0
45.631401861702436,2.346679881274854,0.0,26643.067834267462,8.996443183596769,54.80039089289123,11.0,1.0,0.0
45.506280466139394,3.003134646807668,0.0,44803.19653658194,3.477524878922548,18.197629214257244,76.0,1.0,0.0
20.064976427211313,0.2571765718332586,0.0,62863.751065776974,0.16252283067034745,13.300360827665267,41.0,1.0,1.0
35.601009498238525,1.3467674467271844,0.0,117031.19131020302,1.2791805550464252,27.951239843965908,65.0,1.0,1.0
36.02448119369999,3.9536290140723573,0.0,9052.19947862112,2.035165082235897,31.583314537842245,40.0,0.0,0.0
36.963226011332125,4.702946213951663,0.0,56919.68426921347,0.953916908261454,104.68847741197554,84.0,0.0,0.0
13.014803916111353,1.1936893838329865,0.0,20694.040107692574,9.843917519675534,33.25951400252687,42.0,1.0,1.0
46.561190881328855,4.716648983478413,0.0,68849.43930141322,9.171812815636178,81.35276300583197,96.0,1.0,1.0
36.72219693569789,2.1327324850598868,0.0,104959.022513751,1.5792742309831254,113.06769490999484,77.0,0.0,0.0
13.440587235958255,2.950309331315303,0.0,74759.58175898068,4.036635794339137,58.1169986621029,16.0,1.0,0.0
47.1965630402366,0.8375700326756624,0.0,80452.40735261134,7.976721054385539,19.577535645581577,9.0,0.0,0.0
19.986110159918546,3.6150122415020802,0.0,3224.1283709245513,8.666615461851348,65.55430716054572,36.0,1.0,1.0
35.08568950354646,1.6727558451229774,0.0,14823.649405216165,5.878585981458339,106.70131515873462,2.0,1.0,0.0
19.263844128096977,3.116124370057312,0.0,85079.99975551544,1.0911373396874724,26.653185414915104,46.0,0.0,0.0
16.327035372778035,4.591968037123195,0.0,100411.17252754452,3.6495654776205133,76.57420959210914,53.0,0.0,1.0
43.59479676414197,2.0095276182406545,0.0,37248.84792149036,9.532204921632928,114.0249075818154,47.0,1.0,1.0
26.060936805738212,4.724665369025292,0.0,34195.63819202865,0.3542121176028745,102.65905386690667,3.0,0.0,1.0
48.986055929032894,2.1397296523130387,0.0,88122.83979600592,1.7639448390657975,108.57579241774175,77.0,0.0,1.0
22.35835077229239,1.0653084663842705,0.0,94304.30774859551,2.0839561036166576,62.81425755336459,42.0,1.0,1.0
33.11089525207541,3.20708596184072,0.0,52351.515250166914,4.472183248541926,62.33276188520701,12.0,0.0,1.0
24.699409331431937,2.563291798273037,0.0,49363.391299277646,6.80328530897232,90.90051192678926,23.0,1.0,0.0
23.33490404021935,2.564964892711617,0.0,91209.39020709677,1.1680496846553112,115.0486219002881,52.0,0.0,0.0
47.27383882928421,0.008462302427325596,0.0,55415.32677528669,7.045712956296134,65.0243879951937,32.0,1.0,0.0
44.4458611108667,0.062426249665898936,0.0,46295.76720904406,6.645830463640683,106.05051106649582,7.0,0.0,0.0
18.419271338929384,2.726782199879705,0.0,112498.90284085223,7.008534526005495,49.50362202917652,29.0,0.0,1.0
21.43293517811931,3.8314666880110515,0.0,31152.414265400002,6.631992006020274,8.198876842519503,28.0,1.0,1.0
47.92290163352777,0.9919483728811113,0.0,40316.748158505296,1.0202155443572147,35.64435142296828,85.0,0.0,0.0
19.73753125711204,1.9460655165809404,0.0,64360.99222184173,9.148374399881261,23.199972407851995,97.0,1.0,1.0
35.31980633191124,1.8835881107083052,0.0,97345.08791005857,4.624880822013374,82.95419952388689,4.0,0.0,0.0
30.284990740219584,0.39779032802930936,0.0,115523.57267352474,9.65407226489688,11.323442655089089,67.0,1.0,1.0
49.92122914130921,0.900181084386682,0.0,25149.888517257717,3.5258819731997693,79.66551150017384,88.0,0.0,0.0
24.475462886223195,0.11664676402597662,0.0,67359.41171553759,8.031826633168315,28.85267396689928,85.0,1.0,0.0
31.2817846810551,1.200597377793725,0.0,103422.32608375211,7.054226340733456,51.841007158589136,86.0,1.0,1.0
15.642065263439138,3.4639931771094212,0.0,109496.85988790797,3.14758673919218,94.87899485992314,6.0,0.0,0.0
42.32516867357138,3.25444790222648,0.0,73316.85956776756,8.064439709381379,64.43008387453716,31.0,1.0,0.0
12.340763807431943,2.1255024234354876,0.0,61357.14749212255,9.440069251124573,5.685464626673062,98.0,0.0,0.0
26.879003846522217,1.3891262017711097,0.0,81929.18961141162,0.7325496079061711,85.63894749241396,25.0,0.0,0.0
19.793108117266108,4.359940886643992,0.0,43275.64271604209,9.409578719903864,65.95920511302589,42.0,1.0,1.0
20.156363888445043,2.0407463218908566,0.0,28165.39825862357,6.21981126247083,21.500256750086194,56.0,0.0,0.0
37.08605644152955,4.902603424426361,0.0,7596.725358149549,8.225547198627417,12.966359559091178,97.0,1.0,1.0
27.93071277457248,1.7179796256377728,0.0,106473.0985455987,2.6594486094738254,46.052480640575396,86.0,0.0,1.0
40.937187228686355,1.1178271457247786,0.0,70293.01496665664,1.7988341607372726,51.79503048208466,37.0,1.0,1.0
47.21844631397671,3.3895708385125927,0.0,58398.17959003787,7.619725374825826,91.2810192897684,51.0,0.0,0.0
15.205398456095566,0.5572830450921223,0.0,22126.186374788176,9.088089075880566,110.7518851590723,50.0,1.0,0.0
31.17504854587741,2.9985039507480087,0.0,10485.540937304128,3.3822927474088527,103.15017767135666,19.0,1.0,1.0
43.28453391406149,2.5182259996030174,0.0,4653.910530236526,9.276953617737641,64.89279780492245,38.0,1.0,0.0
18.137523191294083,1.729322657891258,0.0,16279.992992308747,0.24605236163421695,118.6803108944329,24.0,0.0,0.0
42.47273815333485,2.993133051988205,0.0,13423.124519887158,1.9319386197043154,96.93118511621694,72.0,1.0,1.0
40.850168372810764,4.7138266924403895,0.0,19227.819272958408,5.97195412815641,67.36040209761049,43.0,0.0,0.0
35.26867818782904,4.5685771321825905,0.0,1776.972711527504,4.516536696680618,16.28040942421078,76.0,1.0,0.0
48.034235187722516,1.4274244363575028,0.0,118431.61156046357,5.077086148278559,103.03968130724057,23.0,0.0,1.0
25.90657496694643,0.005775861002953464,0.0,78997.61968514192,7.584819200116152,61.128648629336276,87.0,0.0,1.0
25.797587969889143,4.995249700906151,0.0,75916.49312239824,9.295444819629564,42.19787928199616,36.0,0.0,0.0
33.77629077855288,2.507595139491084,0.0,84265.07702722208,6.335723706956918,11.5153252191921,26.0,0.0,0.0
29.538963682057403,3.683176848776766,0.0,87342.97947896231,9.250295197780197,88.31470563283366,6.0,1.0,0.0
43.6809441370879,3.1355788198102807,0.0,101164.91465013204,0.5667812708639319,42.3149142659903,11.0,0.0,1.0
44.70032005271307,2.3503186559624565,0.0,76766.84019478905,2.5448191372341746,96.84543992048091,42.0,0.0,1.0
43.96188615245578,4.528176440175366,0.0,53124.85885463215,0.02804131862884418,47.04330331327337,7.0,1.0,1.0
48.37478995513987,3.2263313812035066,0.0,36468.022033972855,2.532787278587075,117.18238991062934,16.0,1.0,1.0
41.75931357556574,4.270730597982717,0.0,24376.60338477613,1.1913961037155207,111.28433179500863,47.0,1.0,0.0
13.84829666351964,3.3250485588432555,0.0,48582.2705644434,6.104323319311611,92.0545960699237,40.0,0.0,1.0
22.23027425838898,1.6115310297763612,0.0,92007.78477668353,8.244822797058735,23.077348670751373,39.0,0.0,1.0
48.66741707503512,4.194192793269671,0.0,108710.14320606783,2.401103059477201,101.67158103610416,98.0,0.0,1.0
48.51836353552748,0.8468054261842922,0.0,113267.35393503415,0.28069028537359375,2.6067361359854013,69.0,0.0,1.0
15.36305001720672,0.7298561430179712,0.0,95079.30355447857,2.7911168492396907,118.75231689763152,50.0,0.0,0.0
21.176690923813712,3.7736056537475826,0.0,34947.62220811459,4.540680428045613,47.04741209950446,67.0,1.0,0.0
38.71402150604951,1.4744016515629483,0.0,104206.07071701893,7.876826381778388,43.59900598839727,3.0,1.0,1.0
48.33599835796289,3.9464038129693946,0.0,93541.01195245085,4.892925856833187,24.473122437376375,66.0,0.0,1.0
33.30836503919984,0.5080040522916657,0.0,33431.03885551814,2.0445571494665113,109.90616276052583,76.0,0.0,0.0
47.232064152507874,4.000957891503999,0.0,44045.895458752726,9.022609441291605,70.95982239269605,60.0,0.0,0.0
40.9146342987639,3.5572427492007592,0.0,47050.01759929852,7.64218334550144,115.99343699771904,51.0,0.0,0.0
19.985265725279003,4.6136365098806165,0.0,99652.04507440628,4.831663499649742,51.46415068335596,39.0,0.0,0.0
26.84664520894512,3.597194785517324,0.0,119182.19782206978,0.29137297327622047,19.290766737023105,20.0,1.0,1.0
38.105327323661136,4.002446874423891,0.0,96604.49268542552,7.888336623553589,46.203007915245614,93.0,1.0,0.0
26.671257504027377,4.8733108295616105,0.0,38014.5507004794,9.237406058459706,42.56344072949705,75.0,1.0,1.0
45.906900583525015,0.5619603094322456,0.0,114781.97883376434,3.674213121914346,110.96957881930653,14.0,1.0,1.0
18.127081072050512,1.5403373845264656,0.0,98138.71464141816,4.990417806661575,66.24207764621801,75.0,0.0,1.0
23.446355266900817,0.17252633615752522,0.0,31884.551135273377,3.704408598923089,73.16956321240772,63.0,1.0,0.0
23.086588197195432,4.640449005795852,0.0,116274.67558677032,1.6692751681161289,44.694731470916736,24.0,1.0,1.0
29.506842969622134,0.6181293934623222,0.0,72549.59855730213,2.049339428419543,12.87961808551998,64.0,0.0,0.0
11.187627224184919,1.0139227508667181,0.0,88876.26770921398,6.085396537174484,86.41421240725393,41.0,1.0,0.0
18.630793127587424,2.9585471319128143,0.0,18485.875595654707,0.7424671228576052,87.73116756350326,43.0,0.0,1.0
48.12016113637537,4.71929100155332,0.0,66610.09643933286,8.42180089638609,39.393567322259194,24.0,1.0,1.0
22.909212847975056,3.0307025607072764,0.0,85842.79227786389,5.476169982051136,11.21572402526719,78.0,1.0,1.0
38.423845955945964,1.158130660696341,0.0,82693.69780007185,4.006541243288754,51.85271310182148,72.0,1.0,0.0
20.87220612664153,4.8964160894598265,0.0,111724.48550529595,9.528529377540938,14.71838774293916,29.0,0.0,0.0
38.013660747299014,3.3401796586712336,0.0,39540.599230843065,6.3178594957108105,19.41214994063513,44.0,0.0,1.0
24.88697152588837,0.8960220434774907,0.0,90435.09724750057,7.385391284012371,24.976777503811874,46.0,0.0,0.0
11.224181673435973,0.2864828410666054,0.0,105728.47885791327,2.075640616135961,113.85364461049052,20.0,0.0,1.0
43.86139557075883,3.9607667884328013,0.0,51599.14485167541,1.0249566549192801,86.7581930417682,81.0,1.0,1.0
47.49023926584642,3.324468381527627,0.0,63619.809147322456,8.769507667560012,70.77666136235197,12.0,0.0,1.0
47.86612704673212,2.2708840574074314,0.0,56162.186182441794,6.057131608252961,97.48150714589352,62.0,1.0,0.0
23.868840529142755,0.4319539614110157,0.0,11257.816580815965,7.744188266386684,93.27606958227848,43.0,1.0,0.0
44.59754955995956,2.560511212869857,0.0,27393.675064623978,7.167718257353616,107.28783676004365,43.0,0.0,1.0
22.602882030802704,1.594062478687115,0.0,41060.851294910586,8.410657830928173,0.9456690882099528,8.0,1.0,1.0
42.45656609450193,1.8197650855497742,0.0,30387.679126191248,6.209232740998557,101.91898347583127,7.0,1.0,0.0
25.451042553120395,2.9654486977863503,0.0,8315.568910708052,2.1628450012400577,38.88357518109317,30.0,1.0,1.0
20.847350109846694,3.1988472710231997,0.0,79723.67097421632,6.40617498958675,61.46553088859783,22.0,1.0,0.0
24.01958880526862,0.5775868593678651,0.0,22863.72487582006,2.594368358133945,3.4559499228713353,13.0,0.0,0.0
19.269699704808694,2.353648379697052,0.0,19970.042603530634,6.55516552289961,14.821508480690127,30.0,1.0,0.0
12.784717107785152,4.300318128097519,0.0,102673.35752112085,1.6858010169715032,93.22989994492744,39.0,1.0,0.0
20.35155325577422,2.694519227590151,0.0,69565.88912929514,6.285397593500361,107.84988324391938,9.0,0.0,0.0
30.95706386230519,0.9419680900722849,0.0,45538.47889635847,7.238498321342224,16.445536284962245,43.0,0.0,0.0
21.585366688147523,4.679153577837383,0.0,107207.72174765369,7.001003160156451,76.41229233150861,16.0,0.0,0.0
49.00787531683506,0.20458812892528488,0.0,59132.2660576479,3.4592353388795303,53.783623143620474,88.0,0.0,0.0
43.16285684754489,3.1580742656579686,0.0,6859.108199784399,7.691148864244325,86.88445455444133,9.0,1.0,1.0
22.831457912815264,0.41285584515070306,0.0,62095.65647420187,3.0581571927027174,115.7054104254401,84.0,1.0,1.0
42.302530488076954,1.8902706697377625,0.0,65100.94348861244,8.221481191085324,28.056481163469655,70.0,1.0,1.0
34.56402842946894,0.48557125957120195,0.0,60616.54186484682,6.03546014832025,46.851071353172465,36.0,1.0,0.0
36.30720828170239,0.44044419836236137,0.0,54656.782493265295,4.1593902297829075,70.49211025911866,87.0,0.0,0.0
36.17855146525618,3.94679319283546,0.0,81195.97182074054,0.0019944297161478275,6.514449722731164,35.0,1.0,0.0
27.986558469725672,2.6899152330420617,0.0,28902.688983672597,4.2823310352344315,100.73567888047786,72.0,1.0,1.0
42.82035436810619,1.0334873311863757,0.0,2512.8994974362017,4.3785487445399,2.268918143560783,78.0,1.0,1.0
11.502168906762655,3.7333514875265768,0.0,25886.379193278288,5.029712382957903,33.90575214827206,94.0,1.0,0.0
45.351986676957765,3.369461401312812,0.0,15563.490956193564,5.279992738478833,51.93609476688256,96.0,0.0,1.0
15.566686895588271,2.6903728484049867,0.0,50096.45132571965,2.815522064514183,35.337406686707304,34.0,1.0,0.0
29.95495077993867,1.9256903322483714,0.0,71036.5717574413,8.584097377278493,26.352387817164065,46.0,1.0,0.0
37.10697824742587,1.4328832892055314,0.0,42551.789379247704,1.7774226082170985,20.834846236469055,32.0,1.0,0.0
21.45229290968055,1.411843994730857,0.0,3940.9908864769122,9.44212209099511,40.715266860372374,67.0,0.0,1.0
38.836163606682376,4.290101383181965,0.0,110208.02381642087,6.708695573693299,22.131573934952876,6.0,1.0,0.0
19.929977354272935,1.6697353129085946,0.0,9769.934439832596,8.94202428584916,14.670060004268151,22.0,1.0,0.0
23.51627576463317,4.375615443553276,0.0,5386.230045364624,6.415835788214386,35.82898211253299,49.0,0.0,0.0
27.67175296494902,4.135271073795906,0.0,68122.62802380002,7.749188157361669,104.05388567043714,4.0,1.0,0.0
22.331463959425932,0.6685046887155061,0.0,12741.88243698293,5.758920013537604,94.28396755107029,38.0,0.0,0.0
49.50725919383864,2.191703234171344,0.0,57690.88201959818,5.278437943465746,64.4671883547772,63.0,1.0,0.0
19.167633574981885,1.876267194469659,0.0,74049.03747696256,9.770451270370486,28.371203362976512,52.0,1.0,0.0
18.72315582716851,0.774942391884127,0.0,21465.103206694454,5.939170776677278,61.295368273695566,57.0,0.0,1.0
23.559357341350143,2.5404726228489882,0.0,78267.24362708768,3.6124427143185436,109.33115390550178,82.0,1.0,1.0
34.86259773688185,2.364818158812172,0.0,14099.310098323085,6.048413244618224,73.28402815245241,17.0,1.0,0.0
45.94290272684812,1.0455718568774364,0.0,117684.56593170455,6.490056156334544,115.83537838701831,53.0,0.0,0.0
35.39464764234418,2.1663191569616003,0.0,17064.488222922017,2.7424248986062425,26.70235889919967,29.0,1.0,1.0
27.230687341112517,3.48149366037598,0.0,1056.1178890535562,2.347531952738793,25.85962067941791,3.0,1.0,1.0
35.48161156953773,0.6881199508905517,0.0,76344.11957645843,1.467561835142841,113.31472165498388,33.0,1.0,0.0
15.207300727383188,4.552001663924494,0.0,75276.91185849156,0.11654196420121443,37.60726803075957,1.0,1.0,0.0
39.789441240020714,2.0165318825220204,0.0,91632.94489355685,5.905626006671757,115.75411874019765,65.0,1.0,1.0
48.48846687408576,0.07383412331828709,0.0,84676.18132086529,6.8721915908664215,109.64422970857733,28.0,1.0,0.0
38.331440640337036,4.13269759984202,0.0,83836.67476250847,0.18948927625027645,71.51649245853619,6.0,1.0,0.0
17.51610746496844,0.996717910347778,0.0,48970.834579723145,5.418301585277126,107.03177743016545,1.0,0.0,0.0
49.8857166521309,4.159803343053412,0.0,97757.65662137773,7.917595284445306,32.193651592116424,10.0,0.0,0.0
14.718471220678966,0.700733710676284,0.0,53500.378063488715,8.20336906136789,92.94827260871763,94.0,0.0,1.0
28.072884038970432,3.882225406280849,0.0,38398.04850151168,1.9600329010476092,100.59985981163771,57.0,0.0,0.0
20.75080526694697,1.3847471167987135,0.0,32275.14644391503,0.4490420781594784,90.92810771314196,4.0,1.0,0.0
18.654667184704877,1.5762689890160553,0.0,103807.6107084588,0.506436296581112,81.20851817008213,63.0,0.0,1.0
21.669204130652417,2.7513191720790005,0.0,26271.721144089162,0.4362072344264656,12.744021413750367,82.0,0.0,0.0
46.37908475369163,1.904989992528607,0.0,16661.011544461497,2.549445411868916,43.2882234880296,70.0,0.0,1.0
22.503851013892767,2.0725710457663133,0.0,96219.69397257498,8.040034776106411,115.78710208219697,33.0,1.0,0.0
14.908707405683899,1.186310016874212,0.0,46681.9045225517,7.850929274594644,11.981933611348703,10.0,1.0,1.0
12.300379970892106,4.996396833246449,0.0,95467.4034097011,7.671397254675081,92.11461807018739,9.0,0.0,0.0
43.935855880951856,0.14657757730795473,0.0,33805.35006767032,0.4100381770976935,6.7613555771796285,98.0,0.0,0.0
39.329377745868115,1.4667630726838432,0.0,87733.84913258819,2.620041325121477,36.16318662135467,4.0,0.0,1.0
44.05438832004459,0.042514774746079675,0.0,112886.52771393882,9.635450963982223,92.61192557318644,47.0,0.0,0.0
36.83856440036772,1.6412339501448725,0.0,90035.44718962385,6.2241114412631005,44.66300830144463,10.0,1.0,1.0
33.8692879218397,3.2142679056109476,0.0,105344.49884236137,5.590049183117757,18.165164441856124,79.0,1.0,1.0
15.87967932589239,4.64498379364148,0.0,36856.30419772151,1.842776169853445,90.62271515743305,63.0,0.0,1.0
26.465808701594842,1.277335779443991,0.0,109116.3444430668,0.24738271154958413,103.41093931084596,97.0,1.0,0.0
41.796893750868804,3.969152212985435,0.0,99268.96368621952,0.7724989580515274,2.347475284012188,59.0,0.0,0.0
35.22377240014893,0.25187468874820207,0.0,52750.41380630022,2.1198410634622187,110.8919437910339,95.0,1.0,0.0
18.294399893430395,1.6336168289125368,0.0,108317.98568866229,5.94670033116482,17.35055447039871,90.0,1.0,0.0
30.565655285800368,3.2303274624793876,0.0,77139.6672295254,0.4166478302690102,20.41237727241587,91.0,0.0,0.0
12.888840624112303,3.489077397178541,0.0,41445.93871605068,7.71353550203754,71.7673341654442,18.0,1.0,0.0
34.19816755369545,1.388071758747715,0.0,33041.549790215766,7.390201735258102,30.52947633403788,24.0,1.0,1.0
29.41892341122244,1.4100738393935064,0.0,47452.917946528614,2.1769409652725233,9.244652226718188,9.0,0.0,0.0
45.45304806573566,0.594385799737821,0.0,27765.87760616344,7.132138186219383,2.217268384815294,91.0,1.0,0.0
25.488173216030393,3.446569549807034,0.0,93148.49447262255,1.971208102130645,110.24185491513467,92.0,0.0,0.0
16.225537329788914,2.7548263832490205,0.0,24766.918906818122,7.829810574544468,70.8272367314999,93.0,0.0,0.0
42.09133296044515,1.2193355803538948,0.0,119569.9410846823,1.6852249744095305,15.403966577364962,94.0,1.0,1.0
14.656025545440965,4.251534638138518,0.0,90827.82177344771,9.470026627242303,102.4962234517591,95.0,1.0,1.0
34.180567579747866,2.4304208210880978,0.0,37616.300143826506,3.7417597450301865,13.794712476875496,73.0,1.0,0.0
22.593974141273385,1.6061393108848026,0.0,36094.25662507201,1.2105314755037977,18.272811000402314,67.0,1.0,0.0
14.00715582863624,3.866832073602704,0.0,66988.48569140723,4.53049987404989,89.51564127086517,21.0,0.0,0.0
43.785208714752315,2.2960544290139473,0.0,67749.11654586112,0.8849232453837463,57.05064494474315,95.0,0.0,1.0
14.65782288148526,0.9876601456913175,0.0,35328.2806775091,1.3475645218655996,94.96795045788521,33.0,0.0,1.0
15.094662929002837,0.8561525591530661,0.0,34561.724041971494,7.039399443698371,99.0616949504349,94.0,1.0,0.0
29.690016481209657,0.4101302346062158,0.0,82310.78034249319,3.1902998158495324,33.62502895013989,66.0,1.0,0.0
36.680260688428405,4.3853985760390195,0.0,24003.04155389559,9.913123125765114,55.54307302446545,81.0,1.0,1.0
10.833290287675638,2.423354722427434,0.0,44430.0757802924,6.142169582677031,111.22232582675448,67.0,1.0,0.0
34.79717283180453,2.985225840961554,0.0,101558.57047182652,6.601280787864733,18.36585449466433,37.0,0.0,1.0
31.436186649669416,4.313009227770789,0.0,43655.46458551042,9.351265952505923,118.8296972098283,6.0,1.0,1.0
27.602008080005778,0.9253369401520462,0.0,21078.668172890775,8.100778450843483,61.508262033434974,21.0,0.0,0.0
10.930961649132547,3.661794767697618,0.0,88495.0427278918,5.412119123684379,12.162179552150887,93.0,1.0,1.0
40.81319249745892,0.42137024568813797,0.0,112115.99715408222,1.0166372233179577,106.379716798389,5.0,0.0,1.0
10.015833833497974,1.2910038850518517,0.0,72936.20419911371,9.955832674795959,22.17470097420233,84.0,0.0,1.0
11.881805302988893,4.140330411546548,0.0,56535.281424186884,7.58919258661201,9.870833748357919,23.0,0.0,1.0
30.67653137765596,3.313469711362107,0.0,50471.56198727275,7.22751816371126,15.514935292777237,93.0,0.0,1.0
39.94247877842908,1.7766456034634193,0.0,113653.32167400168,6.054231977602695,76.52331110968582,14.0,0.0,0.0
17.140923420077204,4.207003078439982,0.0,65479.32801240884,9.327574750548365,16.881992692485348,76.0,1.0,1.0
36.38144169831365,2.0966992795963457,0.0,100039.56946631767,7.039515358220896,0.3523218150055385,37.0,0.0,0.0
24.323838400555218,4.094895799110267,0.0,27024.432951961164,6.5905885847121155,10.641514141301155,98.0,0.0,1.0
30.53980769735659,4.091463759756015,0.0,39169.942930788275,1.332529067156466,118.2805082445975,3.0,1.0,0.0
35.7559628263116,4.716524234795209,0.0,57300.54724078859,2.0155519596788016,19.16865721197205,26.0,0.0,0.0
41.642870546541516,2.994630655387369,0.0,40691.66638317146,0.9825328742365802,107.43952616829145,54.0,1.0,0.0
19.585444758925668,3.9925955201218386,0.0,89262.87859808598,1.772375444558476,83.85406501514608,80.0,0.0,0.0
13.073775830969048,4.442702349189696,0.0,39933.8819404132,2.992983074124238,53.143443826423685,35.0,1.0,0.0
21.52039672292875,4.450926297039032,0.0,62481.30479262507,3.523137161572407,94.04696366830217,45.0,0.0,1.0
47.098519916992494,3.2817937643570083,0.0,18848.442520735665,7.057633830322719,3.77187729321272,33.0,1.0,0.0
14.19286695928674,1.1869275183874028,0.0,48192.69263354148,9.182146300651247,40.82475968564116,51.0,1.0,1.0
35.0004961464649,3.8853310436584527,0.0,93926.08923589095,7.632867794080019,89.0704553350645,79.0,0.0,1.0
19.01881189087456,1.5170000722692971,0.0,10852.569895243569,1.7981872474623117,83.05287700054004,91.0,0.0,1.0
19.176422431237903,4.2253573724993565,0.0,45935.787472690514,0.1043283329722744,24.345619573403678,81.0,0.0,0.0
44.52626954338867,2.774874792729824,0.0,98517.2515981377,6.27660628400279,41.65826821939022,88.0,0.0,1.0
45.68065316401635,3.90028178087461,0.0,111341.07944212209,5.781703088622864,21.60928371126388,3.0,0.0,0.0
23.986144175247333,4.788653715556354,0.0,94707.26916034949,7.425525542624671,28.96207093338179,63.0,1.0,0.0
38.47029080439032,0.9296588332158495,0.0,103047.53009911171,0.14609178991855432,18.19518805519799,94.0,1.0,1.0
24.35277019337436,1.6730860497059648,0.0,51223.39750577888,7.7417955804998995,10.220893437148924,49.0,1.0,1.0
25.09503327920256,3.1270881766752234,0.0,100789.82803490803,2.412736945823916,6.13097325782078,85.0,1.0,1.0
16.425197780414535,0.4518584934626457,0.0,64719.445857812505,1.1542169249194179,105.3735671231493,9.0,0.0,0.0
38.78374836925429,2.9100713869214974,0.0,61739.589443305485,0.7506007396087044,21.825330007502274,21.0,1.0,1.0
48.053026143122025,3.52153271139854,0.0,6491.041369328707,3.1182254346628513,119.64754589746985,84.0,1.0,1.0
45.07532858252114,3.4007063885719484,0.0,118794.80976720594,3.4893163392922166,3.814594737339476,66.0,1.0,0.0
41.299308408088216,2.9654091375760956,0.0,104582.68255172568,1.5688973397483708,91.68146067409378,6.0,1.0,0.0
47.16813565165702,1.5430958961562187,0.0,110588.00747463832,3.5459382020890553,44.2532391276822,83.0,0.0,0.0
39.31191709369941,3.470625387298478,0.0,30768.249742182834,1.9528268892749168,70.96499137182585,20.0,0.0,1.0
10.792066109508838,0.09374068350609,0.0,85461.0112206789,4.947994930661968,51.00538331496426,7.0,0.0,1.0
35.04987568643183,1.3051532841918818,0.0,115896.88825659764,2.2621032282917906,76.8186562255842,82.0,1.0,1.0
41.45827843591839,0.9211792619789394,0.0,80823.83662842221,0.68451774595367,25.63931372728982,3.0,1.0,0.0
38.82004320339273,2.845710759050964,0.0,55792.90587591442,5.747223773040735,56.50585786353187,88.0,0.0,1.0
36.505229952592046,4.315192468344514,0.0,69914.97421327677,8.25329775288379,3.667688604795334,40.0,1.0,1.0
20.512849601004252,0.9309761747767226,0.0,106092.15802146861,4.3371106876798535,15.548219034431291,73.0,1.0,1.0
16.89303141969335,4.751105262537408,0.0,83054.58028280102,3.06891638022278,87.72105416469434,30.0,0.0,1.0
11.454484351286109,3.08151611559619,0.0,71422.13471942651,9.1823035400454,20.759690833307264,81.0,0.0,0.0
23.686718583626597,2.830449989836214,0.0,63991.66652268381,4.87252828726869,89.94694455672389,87.0,0.0,0.0
22.88033435896482,3.626670584891145,0.0,28532.15900922014,8.269058739713799,71.04026911192616,89.0,0.0,0.0
18.569676713727215,2.0820919626263934,0.0,55042.60072235553,8.614955641284856,62.69703310577632,26.0,0.0,0.0
16.07578088468271,1.6421212904500644,0.0,19599.313116775604,9.56801859196515,70.35872945811896,93.0,1.0,0.0
32.022362556284506,3.0624340893099244,0.0,92374.97295674068,6.298981676098194,117.88797324719737,49.0,1.0,0.0
28.145572757044196,2.226220541107476,0.0,60997.31558702935,2.339554615988868,105.69534106379412,15.0,0.0,1.0
13.283457797954746,3.897917559604443,0.0,86217.16854245761,2.105665756918813,23.943625240677854,28.0,0.0,1.0
16.426369847299473,0.8269424382212864,0.0,51974.22404244665,4.287871161850745,45.11475772473044,54.0,1.0,0.0
12.866878250416596,0.5159713544141431,0.0,102310.83720738319,9.545305409738171,17.35454607455766,93.0,0.0,1.0
18.617530352835367,3.3714112598328394,0.0,42190.47515750063,9.055421913123055,107.04516514912433,23.0,0.0,0.0
41.634325182760215,4.329571161509904,0.0,23240.593066043773,9.158921147481337,4.094197922725837,39.0,0.0,0.0
33.9761104888955,3.0821822290470506,0.0,63246.72119767693,1.5202008308465509,106.83726239141818,83.0,0.0,0.0
31.082039290123543,2.636329626600504,0.0,115154.09170758245,1.5708409327683392,116.32165784093057,2.0,1.0,0.0
46.36413730773844,2.169949157725248,0.0,107578.11656445762,1.8340497189793636,21.027216460187837,89.0,0.0,0.0
35.76405730870708,2.187859139050268,0.0,18108.29025000663,1.2585587490982664,61.860525004763495,15.0,1.0,1.0
19.46500628507257,2.75403886411791,0.0,86971.52290039229,5.09831397503884,6.426267605944176,4.0,0.0,0.0
36.14771694461339,2.5490571516385896,0.0,30018.71457110673,8.725976074569017,94.35464118716075,70.0,0.0,1.0
30.493566035155997,3.193932850404289,0.0,72177.14012253529,9.17657944700578,91.06701213183307,0.0,1.0,1.0
33.63117677803589,0.25995737043433886,0.0,96981.57795561368,5.335833412796701,99.78057637680243,42.0,0.0,0.0
47.440792643870026,1.533447302317138,0.0,78636.37381525247,4.4984178051454515,92.27236524368922,31.0,0.0,1.0
46.49276784062944,2.5518075734018635,0.0,114414.46777856692,6.143241080837813,12.640471409078685,30.0,1.0,1.0
19.4416457839233,1.5645014089552711,0.0,58760.975200878616,8.649474252494562,20.299569834408736,85.0,0.0,1.0
19.349791297851567,3.8769439789014344,0.0,106836.00290374258,1.6714343775458917,1.5606001809752934,73.0,1.0,1.0
35.01130392959746,1.5050017974854313,0.0,22509.2967881194,3.990243868128618,109.33605098296135,90.0,0.0,1.0
29.76952203254018,0.09458103603805668,0.0,7225.30617315037,9.762283519249854,36.51016492285096,86.0,0.0,1.0
29.45282282340507,3.9056744955601426,0.0,29268.49515903237,1.5201121053856814,44.895896410377226,16.0,1.0,1.0
35.30015696747982,0.673937913531304,0.0,116661.06616751637,7.364212998488904,65.74578748693226,52.0,1.0,0.0
14.364298305518552,4.564768817353003,0.0,11623.58157679797,1.5683374675911321,25.311382222856167,87.0,1.0,0.0
45.95766951992929,0.5096460340029207,0.0,66238.75185410447,5.135371792104712,27.430610783375187,54.0,1.0,0.0
39.57641604300551,1.5513094054106786,0.0,15175.268315664387,2.004728790274396,20.04518814637833,75.0,0.0,1.0
27.28810037542025,4.272976651651471,0.0,109853.25462432097,8.597542942754721,88.90091636901485,31.0,0.0,0.0
23.41126550538992,1.8416324168862848,0.0,5749.341107504944,3.5050354024575716,48.52433214694197,93.0,1.0,1.0
25.18964599168914,4.837095763498468,0.0,118054.1816043539,2.7762982166865937,107.17059439092013,96.0,0.0,1.0
35.45525474961828,2.772956508464115,0.0,25529.470405065586,6.238689337220412,8.697902777231846,24.0,1.0,1.0
34.45482240166564,1.4358578900246555,0.0,49729.016467965324,2.345374022955695,74.08981423593956,43.0,1.0,1.0
18.671598548250646,3.449728457638874,0.0,73689.46261245859,1.8268716483211622,102.27060288381679,54.0,1.0,0.0
39.83831463925293,4.370639894354765,0.0,54291.55290459579,9.678825107761885,11.982419938324632,47.0,1.0,1.0
16.945718242915916,3.963103587765997,0.0,20344.37451172732,8.424980689696694,27.05261635226391,0.0,0.0,0.0
22.266386653802908,2.9531081873619436,0.0,80088.27849716468,0.12429263648615407,39.653886455294526,61.0,1.0,1.0
49.193055593530715,1.4752118990749674,0.0,7953.504712519343,2.503683849117074,98.89891776625558,64.0,0.0,0.0
22.308633989855764,2.5473450398394903,0.0,79360.5374792505,3.275007893541374,42.12850215515949,26.0,0.0,1.0
48.160720587177764,4.64637013998466,0.0,8681.983468395018,8.840222261450336,94.09375713488157,92.0,1.0,1.0
25.15182793151741,3.603680935649025,0.0,9426.591518659308,6.6852779446170265,103.10242563446057,99.0,0.0,0.0
35.023202534086124,3.1371652356322945,0.0,2155.501784253241,6.987617233802034,106.16886150867867,29.0,1.0,0.0
11.151941176742724,4.61199921715528,0.0,60234.43226318835,6.084791197388149,90.00408294733586,93.0,1.0,1.0
41.151233916901546,4.457374884633279,0.0,31518.210221300113,2.203941719837479,30.310380792320373,66.0,0.0,0.0
45.61589292876698,3.6393150360379996,0.0,3576.1437727677862,4.365480304434478,71.78062175563068,90.0,0.0,0.0
41.668402975989416,4.825730661278156,0.0,70676.06259981748,5.234931441754448,44.541679867229746,99.0,0.0,0.0
36.5258540232023,0.8659533778048562,0.0,68488.83932827663,7.673891151915486,24.18653875985493,38.0,1.0,1.0
19.5789890798604,3.568958216317999,0.0,45178.5766755248,4.8138376483779,80.81376757742619,35.0,0.0,1.0
39.52125356650507,1.8591178419943848,0.0,15928.5607660537,7.489478296629391,30.648241813688788,58.0,1.0,0.0
48.90606116062565,1.0964300099557323,0.0,10132.310050933675,3.1637355220537655,61.777887149808976,71.0,0.0,1.0
49.9974094224231,3.3788689322125287,1.0,7707.808687339849,2.078970689559438,41.288709294476625,32.0,0.0,1.0
20.29367621520034,3.3844862356366803,0.0,15517.634596359556,9.786051217131083,112.6296232964553,0.0,0.0,0.0
34.86457616052637,2.352889719445498,0.0,55635.81684398989,7.347098516847932,28.34874905722338,0.0,1.0,1.0
10.342519767089865,0.4618583425194383,0.0,44581.56448880816,4.461233858143395,74.14325860470407,39.0,1.0,0.0
10.377515809605821,0.4427516139149917,0.0,43585.5400055943,4.517669544020197,74.14578056335355,39.0,1.0,0.0
16.40908297146479,4.760576316771722,1.0,83073.64727123271,2.546679606780533,86.61840696479227,30.0,2.0,1.0
18.510245057121246,3.3738456070157707,1.0,42155.989692043964,9.073393920945797,106.93839887182324,23.0,0.0,0.0
36.14193088677169,2.1479564176842234,1.0,57324.67717471193,1.818421349293451,20.72757575270151,26.0,0.0,2.0
19.47024658428374,2.7596249293799273,1.0,86982.25689520029,5.085375765130739,6.199723548475236,4.0,0.0,1.0
16.98320543870449,3.9730056740440904,1.0,20343.90169994649,8.440508815687705,27.04526921457376,0.0,1.0,2.0
18.61683304850176,3.441625794278034,1.0,42169.223320938785,9.273235085789974,107.51998740009786,23.0,1.0,1.0
16.67152720861156,3.960682023849346,0.0,20319.475923390448,8.350552323134396,27.157229960085278,0.0,2.0,1.0
14.253246400170317,3.8485313919987547,1.0,66915.47866540257,4.484702657849196,87.71618900760862,20.0,2.0,1.0
10.729325221750026,0.050391005834316646,0.0,85454.32154626954,4.965273156213337,51.0885348094811,7.0,0.0,2.0
13.986586952761403,2.5847259956304383,0.0,67023.0864573315,3.988702129877445,83.20760168081809,21.0,1.0,0.0
10.719992311032982,0.08728638648423523,0.0,85469.61156869755,4.902601813293264,51.49106371480895,7.0,0.0,1.0
15.545805484339427,0.007595335800540538,0.0,97438.02010681467,9.753532544889657,0.8464292646486284,0.0,0.0,2.0
13.846794442057673,9.995072671990362e-06,0.0,103765.48558356325,9.22228529068865,2.1933799605110726,0.0,0.0,1.0
11.435248703745346,5.2281697890740365e-05,0.0,40.800371554387624,7.145496391532077,66.53567325161637,21.0,1.0,0.0
34.74180867625274,4.998944478657637,0.0,48196.298838621704,6.6567692860855825,51.141573697096675,0.0,2.0,1.0
12.418911254463804,0.0013151160433438544,0.0,103272.11770537432,9.822211789815501,0.27396665441495016,0.0,0.0,1.0
17.46130213070176,4.6671743376759025,1.0,83092.78324108124,3.0440077112004458,84.85977875337764,29.0,2.0,1.0
18.532625853825994,3.342300194369125,0.0,42098.438435795826,9.050924685975803,106.8621984123365,23.0,0.0,1.0
20.927546878436406,3.0950787199369945,0.0,15511.190641334493,7.521945643034906,112.63950927784136,0.0,1.0,2.0
18.153675314512974,2.7585898448099697,1.0,42244.95334465462,7.20184804080988,102.40248283331034,23.0,1.0,1.0
20.26443390336073,3.3813553111247034,0.0,15511.778673854984,9.765498355967399,112.95551330635239,0.0,0.0,0.0
19.5121558633827,2.754327405920045,1.0,87006.21409607619,4.9479381002314975,5.953340288594415,4.0,2.0,0.0
49.94026471642885,3.4019487061519316,1.0,7686.214914532146,2.110477464430461,41.13651721599814,32.0,1.0,0.0
10.370411039178922,2.1931946303848247e-05,0.0,85310.05205183625,5.433837648277756,49.055388075725446,7.0,1.0,1.0
15.944279455448724,0.6561007298276147,1.0,51991.1566310248,4.14305639515415,42.39963789409612,53.0,1.0,0.0
10.481309268549108,0.0448054108221537,0.0,85358.7536769475,4.702406443344342,49.787630820981796,7.0,0.0,2.0
15.534182248674997,0.5725883930041324,0.0,51946.417705087355,4.04264191261767,40.39963643552438,53.0,1.0,0.0
10.011932573788933,0.08539941091932672,0.0,30520.600457560366,5.655540204046288,1.8919251477765116,0.0,0.0,2.0
10.011836161273955,0.00010037234808128194,0.0,37009.474517961404,5.004637348871382,0.07342443744229155,0.0,0.0,2.0
10.009716983129872,0.0019186884636488164,0.0,118962.8260453696,2.2794911793259445,110.04431106316885,0.0,0.0,1.0
10.431993937323057,2.158851839980375,0.0,44.354644492464985,4.749544056308637,119.99938629352606,0.0,0.0,0.0
10.003987393335724,0.16614811268191942,0.0,37907.81070984191,7.7554045236713165,32.453492670395086,0.0,0.0,1.0
17.199963490641846,2.1555447006597213,0.0,42081.905935579794,5.388591830187863,96.97240261550668,23.0,0.0,0.0
14.536037186339213,4.999909331240596,1.0,15556.31999279918,9.999631567648715,113.59810324570051,0.0,1.0,0.0
19.626066908786903,4.170925808200624,1.0,42186.56249999642,7.878240756230919,106.4513842884458,23.0,1.0,2.0
21.11459605397573,3.431899464613508,1.0,15526.460608096231,9.996082223865557,112.88094897855247,0.0,0.0,0.0
14.176325586464856,3.822279688348736,1.0,66941.12523396418,4.5315076482415115,87.65520625791333,20.0,1.0,2.0
15.384358188851294,0.678167476008622,1.0,51950.073225201224,3.2717158090289735,40.390944905083565,51.0,1.0,0.0
14.244800873069503,3.8443766823058674,1.0,66915.28712841196,4.524868495496061,87.68556881311176,20.0,0.0,2.0
15.329081709394485,0.42076431793832797,0.0,51945.70422446244,3.8241658041215802,37.98074589291211,52.0,1.0,0.0
10.001470476123568,0.24976234773457529,0.0,115808.6610602883,1.5098255255301516,119.97665408024761,57.0,1.0,0.0
36.01458247830734,4.9154878352233276,0.0,189.79928861627636,9.99956592945244,69.33768839778133,0.0,0.0,0.0
10.000178391456629,4.3876689100042725,0.0,72777.83826828442,6.178579019139397,119.98089601882734,0.0,1.0,0.0
10.005767982591841,1.0009794539388204,0.0,119996.34598374361,9.164817172119964,84.09079044593412,1.0,0.0,1.0
10.014178866294916,1.059232120039187,0.0,119996.60984958992,9.138027158380776,86.72251299598629,0.0,0.0,1.0
10.000101290473154,6.712130868732161e-06,0.0,42224.982642801086,9.999966550484102,119.99999975893002,23.0,0.0,2.0
10.000208294353648,4.999982982545904,1.0,15663.603343026392,9.455159871981834,105.24183626111171,0.0,0.0,0.0
10.000012315644085,0.0007312196263098373,1.0,42021.23613558877,9.994346059084956,49.984720598724394,23.0,1.0,1.0
49.999911352215136,3.368905686994022,0.0,7727.145458456455,2.0485136356068447,41.394689454987336,32.0,2.0,2.0
49.99953782870105,3.214113329779991,0.0,7749.529620461958,2.040614317001434,41.37672488655451,32.0,1.0,1.0
11.62905827887015,7.803091791844761e-06,1.0,42207.474744939405,9.999945653904522,109.58649873160765,23.0,1.0,0.0
10.017664254620529,2.5648367139899024,0.0,162.97542403756324,0.0005268954336196605,113.32833499369217,28.0,0.0,0.0
10.035731156634672,2.043520945925181,0.0,74.0292524087882,0.0005604925382212184,119.93666807146197,16.0,0.0,0.0
10.007210588384009,0.017904519533232188,0.0,13046.29027706008,6.4499693787287145,20.791667804111267,92.0,0.0,0.0
33.43141050510439,4.999691875659776,0.0,42.9894804390245,5.907018808659086,119.99699988911769,0.0,0.0,0.0
32.30684111110149,4.53307130140269,0.0,2002.545237285699,5.930375020224538,119.99716370285839,0.0,0.0,0.0
14.366489453703313,3.67506426602531,1.0,15597.864359742813,7.952610301870843,52.39722956276222,0.0,0.0,1.0
19.37095191878292,3.759759094431394,0.0,42188.26441379264,8.916966190374087,106.76734366078917,23.0,0.0,0.0
17.624785278230352,3.036613830814874,0.0,15714.418981029652,9.490722073642463,99.38498855857293,0.0,2.0,2.0
18.21299241610882,3.043011784048552,0.0,42154.27632329326,9.644097861872893,107.29087527434915,23.0,0.0,0.0
49.993099628005126,3.5081443426432366,0.0,7737.217520284666,2.5517691037846584,41.607889858860595,32.0,1.0,0.0
10.000090746144997,0.012077484028012092,1.0,42302.6906239173,0.0028906556328071715,81.34817965841202,23.0,2.0,1.0
34.18771299529921,0.2512871678306181,0.0,119993.91348312223,0.49043448774728515,119.90693429999898,0.0,0.0,0.0
10.125492719802583,3.4457732291721537,0.0,54.69195401688614,9.994429018382188,69.69138183320679,0.0,0.0,0.0
10.006491018285484,0.0001307327401438452,0.0,20691.935181243443,5.761296594502666,115.10480313753473,60.0,1.0,1.0
10.007909723793928,1.4443780923683558,0.0,76637.91774587553,7.164563252888081,13.542298358179435,16.0,0.0,2.0
16.96821697825233,1.1713330170585696,0.0,74454.12131721302,7.52420039284013,119.99243025943714,0.0,0.0,0.0
15.348601523102586,4.015208025265564,1.0,15616.891457241789,9.12292395567697,70.70444751808377,0.0,0.0,2.0
49.992631776573845,0.6951132064330187,0.0,42088.84898688735,9.993677431980352,119.99873692527557,20.0,0.0,0.0
20.65136621323542,4.584989417184776,1.0,42192.69114758966,8.008402611333212,106.07501374620146,23.0,1.0,2.0
33.4204821049548,1.950943233097964e-07,1.0,15756.238855715212,5.224542232613259,1.6085424233709068e-07,0.0,0.0,2.0
49.999360233547016,3.394955365722574,0.0,7721.505466805647,2.5992330437134608,38.440939283749294,30.0,2.0,0.0
19.106446040425613,3.542535597023761,1.0,42150.87453999695,8.728799405861812,107.0226692484842,23.0,1.0,0.0
39.06644927932596,3.4154258496057746,1.0,195.92510980711046,9.998788308465622,60.94155042469049,0.0,2.0,1.0
12.683777751726053,4.264768048961374,0.0,15607.495275219813,8.154864814859026,56.12030020313112,0.0,1.0,0.0
38.83700306509542,4.999999692291314,0.0,40.024047832147616,6.311374759893777,119.8884312744513,0.0,1.0,0.0
24.905958398566955,4.999262446331244,1.0,42259.99217942121,1.1367864163429942,98.95378089012524,23.0,1.0,0.0
39.60451347659327,4.99996975606307,0.0,40.18476275715791,6.333577684725535,119.74783060418451,0.0,1.0,2.0
21.925173652705613,4.542104406383895,0.0,42215.8227162597,5.135843323387824,104.77330023212255,23.0,1.0,0.0
10.002428393401388,0.21140917473741913,0.0,70330.58826714115,9.771831046671592e-05,63.418643988700836,55.0,2.0,0.0
10.000299273674436,0.17443621540449225,0.0,39795.5513408751,6.913930477784905,6.515650146576526,83.0,2.0,0.0
10.019416778085017,0.02425021169783933,0.0,27803.127774153298,7.021482319373628,0.055027617397735096,71.0,1.0,1.0
25.745825425973482,0.8430229075751702,0.0,119947.28616439957,5.115770061584284,119.94598121400944,0.0,0.0,2.0
25.630132743282942,0.7609695628190657,0.0,119991.94302431638,4.987581642613127,119.99273204199473,0.0,0.0,2.0
15.758520690535951,3.6736370377922913,0.0,20382.283698853415,7.948859487165027,26.944588290027617,0.0,0.0,1.0
20.90996570902445,4.317800912643263,0.0,42198.06738479209,9.629902252795935,105.90278947347257,23.0,0.0,0.0
21.016974713233015,4.999930075800196,1.0,42023.59116956893,7.600654663946093e-05,91.43692750381591,23.0,1.0,2.0
14.229656101086643,3.686543063241295,0.0,15578.286556419147,4.59867743277956,35.02180803655433,0.0,1.0,1.0
10.004689934130784,2.5173187797646945,1.0,163.6155894838089,6.836561460985026,0.13385159223622276,0.0,2.0,0.0
18.388713209795167,2.0539283519171163,1.0,55035.40248014638,8.676694619266208,63.03836136149974,26.0,0.0,0.0
33.871117283529045,0.0007073225960564435,1.0,15754.469655767292,5.0689712442260895,3.719277880466846e-06,0.0,2.0,1.0
10.000002831892967,1.4391608265925382,0.0,163.0943571508576,9.998410814814143,0.00017039834365563866,9.0,1.0,0.0
10.001109514818832,1.7538710987671047,0.0,69400.6745142177,3.8520559417464173,60.77332875897975,100.0,1.0,0.0
40.168741951447196,0.0007936733889276279,0.0,119993.58086811133,1.3365752393833055,119.81298834213831,83.0,1.0,1.0
11.457127089127702,2.621476766230428,0.0,119980.80530378866,0.0006052982061370531,117.50888845416976,72.0,2.0,1.0
10.044653507515783,2.227730838121796,0.0,149.94599339906904,8.443021363143327,119.99364265486062,41.0,0.0,0.0
11.389255681129324,4.996975082742717,0.0,35129.76832892143,8.663484420476367,119.98777184316235,32.0,2.0,0.0
14.241759438473865,3.408038089609302,1.0,20424.49904038326,7.66041839426775,26.08579536375817,1.0,0.0,2.0
17.8930181968887,1.9852501890471075,0.0,55024.25014108624,8.894024255444632,63.140837371745086,26.0,0.0,0.0
18.002778800972365,1.7575746450298142,1.0,55037.961609196485,8.142362326139027,62.37311955673924,26.0,2.0,0.0
13.638581632346089,3.4048963810238853,1.0,15584.530750585802,7.349267478639598,43.84719657765195,0.0,1.0,1.0
34.051821594873545,1.7565738306130099,1.0,173.5885522983515,9.998407461621897,72.15756378903754,28.0,2.0,0.0
15.89872718607154,1.5576090151136397,1.0,54944.11303452116,9.327094276417014,67.33093556974242,26.0,2.0,0.0
25.492074450939455,1.1729086028352777e-07,1.0,15867.751277357254,9.589088089843994,3.6921816864275403,0.0,2.0,1.0
32.91521241110893,3.7264818224849696,1.0,15554.084016903775,9.999984647075458,94.24993111347337,0.0,1.0,0.0
23.89788817691484,4.3977909795956025,1.0,42309.658901481685,4.713481491479675e-05,94.45522059789687,23.0,2.0,1.0
49.999984173831606,0.2399678880133333,0.0,15597.679843872795,9.999901373679105,24.98519266122266,0.0,1.0,2.0
14.738352208195156,4.133919410610438,0.0,66772.20883614823,3.987311482333726,88.34459952818207,20.0,0.0,2.0
41.963221580237324,2.746089417387712,0.0,75582.56003339919,9.134457793601763,5.1163312765858254e-05,95.0,1.0,2.0
27.270902663889267,3.359800790034712,0.0,41267.04388636396,9.99305090120906,69.14479157849584,0.0,0.0,0.0
18.44941230625937,3.685980567360561e-05,0.0,8439.050447450936,4.73772261914647,99.33714068581082,74.0,2.0,0.0
10.004539762564438,1.7719292701984144,0.0,57080.927893266184,9.927427765415901,21.936094547477918,56.0,0.0,0.0
10.002254007761163,0.001950444272653602,0.0,91084.02925088852,7.524970401953169,109.72180404332671,0.0,0.0,2.0
10.000028025068548,4.081528957236866,0.0,15602.434284200623,7.803974433823582,54.06688143084206,0.0,0.0,0.0
38.147194493978695,4.999470461220574,0.0,54879.43373268101,9.999972996851259,97.75376424415605,26.0,0.0,0.0
13.433241555434243,2.6505717396231736,1.0,54970.005842233055,1.0714905506286898e-05,61.12637647977252,26.0,1.0,2.0
17.904522535208955,4.632492023494122,0.0,20232.928590076735,9.154565015186808,28.164081895450074,0.0,1.0,1.0
10.269705718170728,3.6029797675094675,0.0,54.053696631249814,9.999950447738115,66.79729914734186,0.0,2.0,0.0
12.592887986113798,3.5070424550609093e-06,1.0,54949.36153014874,7.987337047712864,65.83891291683962,26.0,1.0,0.0
10.000319853604884,0.00048576852264914865,1.0,169.71318570807068,9.999563954618674,0.00011714233736975407,24.0,2.0,1.0
31.657843241056575,9.516196198251837e-06,0.0,15788.898567059263,6.505184965705015,0.8575950860853955,0.0,1.0,0.0
14.22969286997595,3.9093847547071783,1.0,66895.06416376182,4.470639734629692,87.7478060783198,20.0,2.0,1.0
14.39466823703349,3.953078683464257,0.0,66855.98122722405,4.244878814614034,87.5428771115215,20.0,0.0,2.0
10.008338761908782,1.8609518848505797,1.0,72354.17598498304,3.602013419305074,119.99731229069404,60.0,2.0,1.0
19.872846219007172,1.9091631039918562,1.0,118352.91823079802,0.15608186377590338,109.6182812346091,31.0,2.0,1.0
21.844794468998042,3.489242600191067,0.0,119990.99907940697,0.003645343432606256,65.6400819428697,0.0,2.0,0.0
23.978804157781983,8.51056399695636e-05,0.0,60800.56932014202,6.6694459274250635,67.76895114178892,44.0,0.0,2.0
24.177496932203717,0.0010937124169985563,0.0,61147.07265577307,6.634071028265157,67.33807340238225,43.0,0.0,2.0
15.209201600898982,1.781783268855768,1.0,15611.880476765045,5.686550927133478,52.32310035212236,0.0,0.0,2.0
17.88128623670838,2.053197534876773,0.0,55020.75049742625,8.975744234928891,62.76141906095766,26.0,0.0,0.0
17.7332974341574,1.7702890382176688,1.0,55039.38001883084,8.575404205370432,63.709483607549366,26.0,2.0,2.0
11.981882622461105,4.382229455006646,1.0,45.425803564761395,9.99999938544747,61.06836582662575,0.0,2.0,0.0
19.455524689231567,4.364647200716666,1.0,20275.84585422773,9.008604285103438,27.786444739154355,0.0,1.0,0.0
16.635319153650332,1.4089556298768109,1.0,55015.34640473271,8.544556824711853,63.445636596961364,26.0,1.0,0.0
35.53093203451781,1.737054189942316e-10,0.0,15952.93172189087,9.999999997584153,21.063357434392454,0.0,1.0,0.0
17.50459793352719,3.997607080871553,1.0,15623.723789442145,9.760079811840425,78.73927173387217,0.0,1.0,0.0
10.08095168194989,1.7069201030080619,0.0,70315.80787598193,0.5262960835330484,64.02210116959378,55.0,2.0,0.0
24.702183690577254,4.918006660987332,0.0,42277.46086863355,0.0005108855501997358,98.44105528057736,23.0,1.0,2.0
13.696371626931603,2.9339489242220234,0.0,15810.645827389872,9.999999827977643,94.94533249813131,1.0,0.0,2.0
10.356185231469928,0.43507027307147705,0.0,70271.82562825314,0.9738501454285189,64.01033603094666,55.0,0.0,2.0
36.129138793221145,3.474067490482187,0.0,42315.77009617263,9.127226872792025e-05,115.57384503203062,24.0,0.0,1.0
10.00412054961964,0.0007452917319785068,0.0,115902.13194119297,6.4503918526577,38.40024763479238,48.0,0.0,0.0
39.71936644777882,0.0003199273616369915,0.0,65255.278118332055,3.996091885474065,55.59826849230132,15.0,0.0,2.0
34.11002206214122,0.00048730117407909195,0.0,54126.902844577555,6.709551854199875,48.06477496590478,25.0,0.0,0.0
34.63009127944771,0.0002905345932981302,0.0,69547.74077404737,7.323738596112969,36.11272629986587,15.0,0.0,0.0
32.780562515282334,0.00025217209287775816,0.0,69280.0834836961,7.30676157709641,41.65717289747671,20.0,0.0,0.0
10.000000096915915,4.999999991468033,0.0,15581.73956172838,9.999999915286597,119.99999996652804,0.0,0.0,2.0
16.12839063864644,0.1823914347360047,0.0,54929.77794819097,9.999998193913626,65.91087756581635,26.0,0.0,2.0
36.3521519740727,4.999651270445897,0.0,190.37361651177656,9.995884832363283,70.39716098813106,0.0,2.0,0.0
31.48258601785576,3.45072206575855,1.0,15660.037709922093,9.958898639424094,94.75843960392031,0.0,1.0,0.0
35.497453423731855,1.219625098698998,1.0,165.75399777272287,9.99413479725924,65.40436894076983,27.0,1.0,1.0
30.240914778658098,3.1066264846058296,0.0,15705.86468570416,9.996914317944215,52.30681093611269,0.0,1.0,0.0
49.986469092020535,0.0004950032673774131,0.0,15700.042989150987,0.14349470187738128,0.013793743522064274,0.0,1.0,0.0
10.0116984466156,0.5347879926425072,0.0,70289.55518459255,0.40598914253298113,66.60569031361645,54.0,0.0,1.0
24.783680455578295,4.8890632633901605,0.0,42279.61683828415,5.024900553468759e-05,98.53147184212787,23.0,1.0,2.0
20.050098547417925,0.09867186380089091,0.0,15632.430474430412,1.8833898681824754,44.13360686208128,0.0,1.0,2.0
10.118225995542618,0.45663387450313914,0.0,70271.05129350912,0.6054063053949436,67.76619635093626,54.0,0.0,2.0
24.198341552987088,4.9943773062505255,0.0,42362.11568305961,2.1517919867963848e-05,83.85380724520364,24.0,0.0,1.0
18.397283797065114,1.0966231819484005,0.0,62020.19195969085,0.37057926009168496,0.021003841077359045,34.0,0.0,2.0
19.212225585254178,0.8312756856017338,0.0,72229.47433237336,2.095743796835237,0.0043087955725134575,36.0,0.0,2.0
10.001535981854147,4.7712836787792805e-05,0.0,38434.26977080273,8.276584000248828,47.81182126311395,45.0,0.0,0.0
10.001337401647554,4.999980029578281,0.0,3069.723908977733,0.0017064757383899506,89.21309889746023,40.0,1.0,2.0
10.005036996191901,0.00031915397101773754,0.0,54134.7429293211,9.061279913617282,79.55161612249205,58.0,0.0,0.0
18.568655787037613,2.7778191496632085,0.0,55030.193565211885,8.96215205861005,63.18726641023252,25.0,0.0,2.0
18.600232458743843,2.4257673637065778,1.0,139.83600240074242,9.999975121384322,35.32933951612669,10.0,1.0,0.0
14.756565289412158,4.999999919846655,0.0,15754.321713537027,9.999999834600828,38.68394711110093,0.0,1.0,0.0
16.087135701889416,1.54822458225741,0.0,55093.48096403481,8.42177203022141,64.9819849849888,26.0,1.0,1.0
10.054649950989642,3.4315978788693116,0.0,57.388756790070445,9.99665145574626,70.21423182721472,0.0,1.0,0.0
20.73024640114294,4.25223440288566,1.0,15585.803234829218,9.989918212842944,54.1322391318846,0.0,2.0,1.0
18.096573871208513,2.074389358900276,1.0,55029.71675825368,8.596131385648274,63.193870242733794,26.0,1.0,0.0
34.46291446405413,1.6875418055060418,1.0,172.01037255743788,9.999939777546528,70.59213545350401,28.0,1.0,1.0
28.232179874288864,0.7520422447036761,0.0,15749.14084475359,8.871254495491465,15.858285841733851,0.0,1.0,0.0
10.000050824651693,3.5150042002114734,0.0,50.76937684689786,9.999999737061001,63.683685826983854,0.0,1.0,0.0
10.278649344504677,0.020199501674325875,1.0,70347.82347428215,0.25573425502238856,61.78345427688296,56.0,2.0,0.0
30.701431471684536,4.32842246311365,0.0,42302.00367754756,0.0001169551731913997,111.85221491847967,23.0,1.0,2.0
12.522318812535344,3.468262058802685,0.0,15628.305937207977,8.3645617766427,56.573425322313426,0.0,1.0,2.0
10.000157510706781,0.18414958973246637,0.0,70336.38323146866,0.003911754029286142,62.99032645413958,55.0,0.0,1.0
25.202842785077284,4.9976920028909815,1.0,42291.38137399837,6.500916349976188e-05,100.86132299427926,23.0,0.0,1.0
23.071184714097313,2.054029676896452,0.0,30610.27706248255,0.002178186773896534,79.12761604161219,28.0,1.0,2.0
15.134723108411407,4.937972234669116,1.0,53920.908291562606,8.279915583356942,0.0013634100856236772,71.0,2.0,0.0
10.001410279664077,3.6395571028047424,1.0,66140.13538958087,3.445468077459568,7.558167381080389,73.0,0.0,1.0
49.99519803073701,4.999947202356386,0.0,39530.75787481368,6.605780207552287e-05,119.99795803633967,35.0,1.0,2.0
49.93189326509639,4.9997002266180814,0.0,45776.46944384113,0.007775548334222877,119.99948162602243,34.0,2.0,1.0
19.791928921127255,1.9610007182125957,0.0,55057.20550073008,8.959244206166296,62.490009959513024,26.0,0.0,0.0
14.787017798378054,1.365059370349995,1.0,142.34766158104082,9.997603439957258,18.715822825386812,12.0,1.0,0.0
40.063139013623406,4.882678879359169,0.0,15733.664624958874,9.999985252392522,46.84703339361417,1.0,0.0,0.0
13.650786432055758,4.999999033183623,0.0,15635.941082615804,9.999999113564616,84.40542223822175,0.0,1.0,2.0
10.089318053020286,3.3615145202758785,1.0,57.85921133735418,9.976530561571906,70.3166602757824,0.0,1.0,0.0
30.526006434086753,4.889142448193088,1.0,41239.080806884216,9.999714186789255,69.04376357342176,0.0,0.0,0.0
25.44140221128336,3.1768954358823485,0.0,139.4781628488517,9.597877435065172,78.82584888457906,10.0,2.0,1.0
23.464523959964396,1.382575775634476,0.0,15813.19621355607,9.999999994891686,34.262859070842666,0.0,1.0,0.0
10.000167539658953,3.3721623605961755,0.0,44.93853590191958,9.993575361735811,57.92676621274452,0.0,0.0,0.0
14.16707225748936,3.6429835241799458,0.0,66922.36253615751,5.326392992768654,88.50055835132206,20.0,2.0,0.0
10.00352018587009,1.0860203105962882,0.0,42371.4771849625,0.1085646827624876,1.3797080820022214,23.0,1.0,2.0
10.003068764677172,3.3847137184956906,0.0,43.83581444179393,9.856797595274774,57.23462692357727,0.0,1.0,2.0
10.031143025364061,2.5988823131811793,0.0,66947.02216139206,9.533690402424924,119.99703059554483,49.0,0.0,1.0
10.00057899433001,0.002751222211055881,0.0,42399.14521603132,3.49330806843692e-05,0.00011136300204195681,24.0,0.0,1.0
21.29182791898555,0.003687282033412363,0.0,73499.81305131764,5.325625506849493,62.1211988483698,9.0,0.0,2.0
21.672746623361373,3.5095946845935304e-05,0.0,45565.73000946366,6.228255369548262,68.51820778364633,0.0,0.0,1.0
18.61010511709357,0.0004330553369789906,0.0,35766.70721673055,5.2586118875652375,74.08053531421656,0.0,0.0,0.0
34.388365748104654,8.946095735473322e-05,0.0,4064.7086925916806,2.0131995717536364e-05,119.97948714282596,40.0,1.0,2.0
34.531697646868366,0.00024951172692209175,0.0,3812.042413987086,0.0018321436689268784,119.9593271691889,40.0,1.0,2.0
16.170626071082722,2.1810228961147615,0.0,42162.629496015594,9.999999998298575,108.35084316549941,23.0,0.0,0.0
12.021871048987359,1.074189944080151,1.0,99.34618651171161,9.999986130635962,49.611496564284444,5.0,1.0,0.0
10.000094464393879,4.999578388394044,0.0,15837.260365313463,9.999994988553338,114.7350868737708,0.0,1.0,0.0
10.000000655301262,0.15529891300336418,0.0,55238.53072186683,7.6825950133378305,69.72748042057734,27.0,1.0,2.0
16.350231552152085,4.999999935809382,0.0,15569.959188876683,9.998084086457062,42.52065777044818,1.0,0.0,2.0
10.000025089979815,1.6957146957482288,1.0,42.784358191041434,9.977218402935447,55.161086119196085,0.0,1.0,0.0
10.000052473749856,0.0005768571176309157,1.0,41987.5085025065,2.5057791351561405,119.99999118676514,23.0,1.0,0.0
25.17658235228898,2.4959009222520185,0.0,137.21693721067118,8.848813462274274,82.83532899064778,23.0,1.0,1.0
25.368527441286957,0.41271123336578996,0.0,15841.176206358205,9.957993182206422,6.666302020646667,0.0,1.0,0.0
10.017640457079459,2.0910858909210193,0.0,61.00265780207877,9.440595842046962,71.33404480447145,0.0,1.0,0.0
20.58238130185086,2.6857153601597368,0.0,42337.41507066972,2.8918760144901634e-09,62.76516754580838,23.0,0.0,1.0
10.120076559764698,4.561151689925283,1.0,66884.60910058115,0.6370158869586751,35.38486197826096,12.0,2.0,1.0
10.00032654051154,3.3177478297767804,0.0,59.15249477575509,9.985185254080005,69.75361058999964,0.0,0.0,2.0
19.644548638201574,1.7568401403074025,0.0,42387.15203779597,4.943156544554386e-05,28.92734887668268,23.0,1.0,0.0
14.178754250860624,4.01087370845932,1.0,66903.52702105294,4.161824933545107,87.72904880531182,20.0,0.0,1.0
49.99736608527202,4.999433560978393,0.0,82654.94528779291,1.7495980821045496,60.84308178482487,47.0,1.0,2.0
49.99651294017091,4.998684551898193,0.0,84333.7093611753,4.094477897483863,76.36092114361193,49.0,1.0,2.0
10.336427702113479,0.8986567906337016,0.0,90148.22393102675,5.588108507067447,118.66835819608674,41.0,0.0,0.0
24.75603949075881,1.0348197273125834,0.0,45678.41916251439,9.99723774024666,61.493446772653584,1.0,0.0,0.0
16.292286521917514,3.885445686050928,1.0,107.69896013599492,9.999999471876832,49.97447383512909,6.0,1.0,0.0
10.00001338592282,4.999881632738797,0.0,15772.152989107768,9.999863468052082,119.99992536050583,0.0,2.0,0.0
41.14265721065508,4.999988729001448,1.0,15727.875358671572,9.999674872620922,49.12980394113205,1.0,2.0,2.0
10.000048282752779,2.054935338164538,0.0,72.69050123991425,9.779689942582952,68.73307213477702,0.0,1.0,0.0
26.323571737766052,2.892065003619094,1.0,41279.804859827855,9.986315193464796,69.3913711876293,0.0,1.0,0.0
19.156958421492906,1.5034099812483106,0.0,113.89749497826143,9.816232496767013,71.92291633318445,15.0,2.0,1.0
21.406973616086624,4.249104443192753,0.0,15635.328081149273,9.998535631341364,87.48761688634916,0.0,1.0,0.0
15.796618784974667,0.001322508068764149,0.0,16857.220215651203,0.004403574133420761,119.99598274172577,38.0,1.0,2.0
17.35427908374094,0.004493436328562125,0.0,21322.44890529793,0.10383949361233849,119.87182989402065,36.0,1.0,2.0
18.168789773602565,1.4809789533569742,0.0,47374.704916973875,4.359299754534408,70.32376498340415,31.0,0.0,0.0
22.822296208554878,0.9964974947305986,0.0,55133.986414697065,9.480001448710475,61.06153864860513,26.0,0.0,0.0
16.520537729454443,3.8976246100987813,1.0,108.98730234639675,9.999987471746385,49.646745997505754,6.0,1.0,0.0
29.53797067365828,3.0336909856194603,0.0,15707.776194174812,9.999392895062186,52.911912787665884,0.0,1.0,0.0
24.909114633553788,4.699245381550021,1.0,15596.5718399527,9.51564725062636,80.28487306242236,0.0,1.0,2.0
10.551183655752874,4.056988614657692,0.0,85.83297897798262,9.967038817089866,66.62172231624709,1.0,1.0,0.0
22.978833959565307,3.762019563167677e-09,0.0,143.47090674068517,9.753335523433893,80.3435022207515,25.0,0.0,1.0
18.175706698862868,4.336603149481465,0.0,15623.43198174301,9.993862488483412,80.63257853326387,0.0,1.0,0.0
28.502120447153278,0.0022574396118927517,0.0,29886.23361094884,0.0008084293645502843,119.97961260326998,73.0,1.0,2.0
47.96330208850513,4.830734895032175,1.0,72848.22734179317,7.292046907897537,93.80534286218213,38.0,0.0,0.0
26.926165889898503,3.5933658124665806,1.0,102506.51281624884,9.99769017830517,90.71886086810858,39.0,2.0,0.0
22.0664593462016,1.4891086683093464,0.0,55117.92872506258,7.768367613407636,62.41349749404735,25.0,0.0,0.0
14.240480009778004,4.106784762787305,1.0,89.24689820059768,9.999996397629445,53.22961256468199,5.0,1.0,0.0
25.725156593189258,3.0585016385151875,0.0,15690.932516372863,9.999986482512611,55.91773110625643,0.0,1.0,0.0
18.848033445553412,0.00514035981760509,0.0,15690.771145944245,9.559105816233211,47.60112298063611,0.0,1.0,1.0
17.616432099702365,3.8765535214744222,0.0,108.58168488004654,9.974852800535619,48.369509493545955,6.0,1.0,0.0
18.408818248476727,2.852184610448033e-05,0.0,133.70359426555964,9.72986676920884,68.28718499209813,17.0,2.0,1.0
10.000275186308796,0.005275239712393111,0.0,15744.631468889269,9.999302851456246,58.03892293464627,0.0,1.0,0.0
30.202430240244,1.6729551983529267,0.0,38072.34083014859,0.0005172696855996711,119.75433823804825,44.0,0.0,2.0
10.012068153105378,4.999338163228105,0.0,44.61812362524031,8.235027593834735,0.0018101402544802182,0.0,1.0,1.0
44.45241388629875,0.8493637768637163,0.0,91.52659585634501,9.999704580621088,93.24138713454853,0.0,1.0,0.0
20.44671439170813,0.0049670376512072345,0.0,45616.79794643683,6.840999463734724,66.95053818363911,0.0,0.0,0.0
26.75761409356138,3.2890332034548435,1.0,15681.523687352801,9.996591063182999,50.48368859622471,0.0,1.0,0.0
17.468876632160217,1.180542046260954,0.0,135.36092849633152,9.987916712425609,49.93466998533475,11.0,1.0,0.0
14.797218368301106,4.551104207742314,0.0,89.69287826055182,9.992949956409356,53.29418322118929,5.0,2.0,2.0
26.629898642435116,2.4832904398605677,0.0,15703.278557227857,9.987531857639521,52.026513862668715,0.0,1.0,0.0
19.42410768124984,0.016462937531450353,0.0,128.783610014579,9.997429097533193,57.34898957954663,11.0,1.0,0.0
27.6951595367983,2.9385510297023263,1.0,15699.526624567721,9.92347731026831,53.33485889006775,0.0,1.0,1.0
49.99900442504883,4.7836197557775755,0.0,26271.654138883627,9.999831223763742,0.0022954682967628454,1.0,1.0,0.0
34.76086900440664,2.896789034036556,0.0,48.086744399396565,9.986524036705061,60.71154222155819,6.0,0.0,1.0
10.000475090024423,4.998955416994619,0.0,69647.31009951774,9.95034569569985,38.49547482652692,20.0,2.0,2.0
16.49334960843015,4.9999993131816955,0.0,15563.073750316966,9.999999643229694,48.27105445615985,0.0,0.0,2.0
21.948451289749922,2.751295683378482,1.0,144.05280867154,9.999997666036078,49.42534072250354,12.0,1.0,0.0
14.583119246197722,4.774823403803261,0.0,85.14414498997414,9.996596456707165,55.44276365223808,4.0,2.0,2.0
28.69252956498502,2.803176525808558,0.0,15716.494608831656,9.999979308540306,53.939584548183916,0.0,0.0,2.0
14.483493223027324,0.8128159752457108,0.0,76.60701583399526,9.708082172994159,54.43894890706764,0.0,1.0,1.0
20.594937957341482,2.410851331541419,1.0,15649.159057643961,8.890939930330347,84.6639194727901,0.0,2.0,1.0
49.98730511379008,4.487365901648323,0.0,90.24855405558638,8.748460587189092,47.519709896015506,0.0,1.0,1.0
10.00033846403187,4.535933247653629e-05,0.0,41.08231335003629,4.200488285271787,18.321819396585557,0.0,0.0,0.0
37.461331976766616,1.0891871724867026,0.0,60153.385973080556,9.999613206939774,78.09975440446868,32.0,2.0,1.0
49.99895317069007,4.783941335097021,1.0,26263.01744663342,9.986721126393693,0.03837986744337178,1.0,0.0,2.0
20.87384927785593,4.754109827233166,0.0,81.57298743312799,9.987190595214406,56.721712872972574,5.0,2.0,2.0
29.0746619569093,2.3700349735983943,0.0,15713.779643811029,8.528263607040834,53.59467487737355,0.0,1.0,0.0
26.085224685866983,0.7370558297621979,0.0,71.7626561007609,9.733755594177989,53.5215438604972,4.0,1.0,0.0
28.54597986188248,3.127965637375555,1.0,15698.33493354103,9.999802264606686,53.296785318135804,0.0,2.0,1.0
10.184710845232772,2.1971893118618446,0.0,119940.18841125861,0.014559476448633582,73.50617229417716,47.0,0.0,2.0
10.004936246749583,4.999699624207188,1.0,80818.67026119557,9.420253782213083,78.68423065605725,33.0,1.0,0.0
42.571513201721324,1.8875985426232151,0.0,45492.323410222096,9.983955935428948,82.33150875865483,0.0,1.0,1.0
49.99942266162335,4.765207379826284,0.0,26312.19179967886,9.99997105037466,1.4073993433328519e-05,1.0,1.0,2.0
10.650451201555555,3.9534099915281775,1.0,51.246506725557786,9.9988301170363,59.93670262271084,1.0,1.0,0.0
20.64065598583993,4.686243952378368,0.0,82.97376095833027,9.998365068983915,56.72725921405361,5.0,2.0,2.0
49.999927657952576,4.999999381940647,0.0,26361.50930977779,9.999999919997157,4.870160210900154,0.0,1.0,0.0
49.06046011946172,4.196708172544757,0.0,26217.13539525621,9.734100814873049,4.120110340405457e-05,1.0,1.0,0.0
34.638232908222164,2.7144726297816852,0.0,48.80110100366123,9.992473592003254,60.563491774021685,6.0,2.0,1.0
35.47485533458446,4.9982028372164375,0.0,106.70227398051202,9.999948409575719,0.019428289754966285,29.0,2.0,2.0
14.175188164150132,4.9994894585259155,0.0,46.394000612751526,9.993410219798761,24.90293600173051,39.0,2.0,1.0
49.97942334918554,2.639225541904316,0.0,70066.14576557756,6.958958100361243,2.5285619918557485,0.0,2.0,0.0
10.84893235297301,4.0912486361154246,0.0,51.92687690731374,9.985293493954275,59.99726631473675,1.0,0.0,1.0
49.76558208794774,4.618070608647707,1.0,26331.238365330188,9.929558538049678,2.3163659148170407e-05,1.0,1.0,0.0
15.226593888675506,4.8754060242953905,0.0,59.71599305705587,9.999955660908501,58.329547550969,3.0,2.0,1.0
49.980054721391234,4.4394761190226655,0.0,26325.37999052829,9.863580565589924,2.8538745445428625e-06,0.0,1.0,0.0
34.41012059294379,2.912972774711579,0.0,48.172151395027214,9.973884444884487,60.698745177957996,6.0,2.0,1.0
19.811218566685717,0.0010247716805295466,0.0,49345.828729307184,9.987399682826213,118.63881199117603,0.0,2.0,0.0
35.41180353220669,0.5669422726210703,1.0,17772.80756865409,9.937882120904103,73.62991515026168,13.0,2.0,0.0
49.99789475067345,4.9998410164409375,0.0,55476.89422390035,4.8030035386372365,0.09258868215349303,0.0,0.0,0.0
26.730943738653878,1.706392782855896e-05,0.0,15572.038474559382,4.1387684794814565e-05,1.2422299353901512e-06,0.0,0.0,2.0
21.440591649683974,1.4604856138949778,1.0,129.1830596384219,9.999999663104997,45.923768107934784,17.0,2.0,0.0
18.012286759156183,4.716996788230384,0.0,85.11483077770588,9.9988941591639,54.83524552413133,6.0,2.0,2.0
49.66188385314058,4.999967722373483,1.0,26199.28374895632,9.99990848998414,0.18640089197915458,5.0,0.0,0.0
10.558572860956861,1.958808414008253,0.0,92.33964544262953,9.981996535489886,50.5221226242051,4.0,1.0,0.0
49.99999368613621,4.114132115510385,0.0,26119.103346869262,9.758710601222655,5.391956841237892e-06,0.0,2.0,1.0
49.992867411586346,1.1036468363586498,0.0,116991.44392779503,1.9579871164204012,0.18597037781540254,0.0,2.0,0.0
10.145793688976156,0.0004023742122492985,1.0,155.71030003699195,9.945671300411579,33.20284543931133,6.0,0.0,2.0
30.954791801502722,0.5702056437450163,1.0,60338.898221351905,8.746447085796445,12.907571774734894,25.0,1.0,0.0
18.78829639670653,0.0003276546935741774,0.0,15590.600549870125,0.0002472830381374675,0.001239184109626829,0.0,0.0,2.0
14.384396729677508,2.214814837065871,1.0,118.55021763581355,9.999908446062411,33.67736587979442,9.0,2.0,0.0
37.39661260124886,2.1621641546135293,1.0,17773.69399731006,9.904840160109915,74.2160605037583,13.0,1.0,2.0
17.492674223174088,4.481450628933387,0.0,85.65815214058094,9.999950593723336,54.51183302253669,6.0,2.0,0.0
49.99924951396115,4.738504907743792,0.0,26275.873989274867,9.92249504107757,0.0027075978802032037,0.0,2.0,1.0
10.567428570950145,3.147788954000052,0.0,60.73725920528324,9.998368520157841,67.18561931173848,1.0,2.0,1.0
35.61161616017604,0.0007181293279167396,1.0,44035.567789531866,0.002297063783757552,119.94899510499336,41.0,1.0,2.0
37.3395351693247,0.1426543471748065,1.0,57220.889833981826,9.017329332469973,89.77573586634006,21.0,0.0,2.0
39.46113886723525,4.999496654991808,0.0,60.06450219283539,6.253113868254152,113.1560598217133,15.0,2.0,1.0
49.30292566949535,3.429224176744534,0.0,26364.802597627906,9.285689649058252,0.010045540735404562,1.0,0.0,0.0
15.564631495252199,1.9963261718696863,1.0,129.88655260808062,9.999995369121581,29.244032169520267,10.0,1.0,0.0
49.99999998865425,4.999999986769635,1.0,17794.900413803458,9.99999996934772,69.08068153665499,11.0,0.0,2.0
17.330392049102105,4.045735320168662,0.0,111.44416077148172,9.998617774389583,49.70022018193235,6.0,2.0,0.0
33.812063140043165,3.4591738890914465,0.0,42.45055199825131,9.997501566710953,61.8951898717922,6.0,1.0,1.0
10.001634161201999,3.3660175167393653,0.0,40.03768880517626,7.881611485120541,0.010095473474724725,8.0,2.0,2.0
16.438997517785527,4.483674516571916,1.0,99671.9397245712,4.61175735099001,98.3290625776071,0.0,0.0,0.0
33.638035488319055,1.4767082831519285,0.0,97.89139808013113,9.65937383827859,104.32357433753117,16.0,2.0,0.0
10.000135692661768,3.6501795590931607,0.0,48.5641409692183,9.999866749360141,59.29138130879681,1.0,1.0,2.0
10.010760042917813,0.00982124062955548,0.0,15585.031006099749,0.004599846115828976,0.0002448494034414343,0.0,1.0,0.0
49.99999878930932,4.999999942074811,1.0,17795.784206264994,9.999969292674905,41.46199395079136,13.0,1.0,2.0
17.37466688164285,4.07055892177065,0.0,111.46050416902055,9.999918057197794,49.750050450653134,6.0,2.0,0.0
10.000000053424108,1.141866513828524,0.0,91.07798448369591,9.999997726560935,51.2276909110365,6.0,1.0,1.0
49.999796419621674,4.4844554965284065,0.0,26231.860207456033,9.930592622214572,2.3731226120029538e-05,0.0,2.0,1.0
49.999185557532996,4.999765353661337,0.0,15605.568974767191,2.870040763073939,0.001843804994722767,0.0,2.0,2.0
10.021671898991533,3.867609154863595,0.0,105.84216892945156,6.7769460851507235,87.21466431186593,24.0,2.0,0.0
10.0046019015614,4.197100499468018,0.0,62.92587453940747,7.322292666667052,88.43760672682944,28.0,2.0,0.0
14.469202863784211,0.001080291694897553,1.0,15651.889448234739,3.771776577942098,43.637780770327225,5.0,2.0,0.0
49.35722208576593,4.388849695714083,0.0,26217.086720750543,9.893369948865274,0.000700107432158841,2.0,1.0,0.0
48.52292230814874,4.999600766584545,1.0,17787.01728432618,9.9999933320079,68.94833440613748,13.0,2.0,2.0
11.512638845209722,2.668953759793209,0.0,85.60395941076514,9.999850894826512,51.58531446513169,6.0,1.0,0.0
45.74630344058317,0.09012550326693484,0.0,15680.453324271031,0.6332587922463375,54.305076639189046,0.0,2.0,1.0
36.01716142476566,6.160684045934522e-05,0.0,43586.138579348415,0.005154233990452558,119.93831289785012,45.0,2.0,2.0
41.07111866485667,4.999922067399252,0.0,10139.809612967678,6.781663898620456,50.90468935745445,0.0,2.0,2.0
31.537889519291696,4.8823135726099425,1.0,91.84296933877057,9.985060987454021,0.03734489920553796,33.0,0.0,0.0
10.000000003421597,2.852966292592625,0.0,59.437046623797336,9.999999901224268,58.67497155918201,1.0,0.0,2.0
11.556720031775598,0.0003662346765312416,1.0,15609.436196786812,0.0057783636266821835,45.91270693009746,0.0,1.0,0.0
16.220834237184064,0.2908035586311054,1.0,17754.246844386336,7.707108093247561,79.80113878026593,13.0,1.0,2.0
17.22918781222305,3.9289414483342777,0.0,109.20680238963621,9.999992786221137,49.48095588245773,6.0,2.0,0.0
36.80468706371055,0.005736447264637318,0.0,58270.89249965362,0.06275285998375355,38.94422037433574,32.0,1.0,2.0
10.000297710235643,1.507304818006246,0.0,107774.33347118617,6.933171872931619,28.064019378494738,39.0,1.0,2.0
40.119128635356404,0.0044699900471801,1.0,52.95138126568034,9.999857008014258,4.586123813415999,22.0,1.0,0.0
23.611575633753432,4.727384609177595,0.0,90.92418337216994,9.99975459940173,25.254577535735933,19.0,1.0,2.0
22.92447591891786,0.5025190572864155,1.0,15667.6293421842,5.433112156308441,42.7722696791011,0.0,2.0,0.0
10.49363584148586,0.0038559269751732086,1.0,17709.77416375979,7.300507734355551,105.0653833353135,13.0,1.0,2.0
15.729426426612747,4.205777554801351,0.0,89.06441065227493,9.891800901973403,53.23543507488233,6.0,2.0,0.0
25.559307412963946,1.6444278449050007,1.0,15718.715766944466,3.4717224264654543,55.04796898420216,0.0,2.0,0.0
11.76042313626843,3.799335182315442,1.0,52.411557026940976,9.880061993456032,72.90476443636186,0.0,2.0,1.0
49.999540500496686,0.27883187853125446,0.0,29098.807002700632,5.893040228726206,0.06815049705587295,0.0,2.0,1.0
10.000005525013602,0.9230767004129854,0.0,45.62721112595375,3.74444459267492,102.81608441071884,0.0,0.0,2.0
45.01648006276139,4.996867805886592,1.0,43.50447287251308,9.99737212398928,71.00789290719494,18.0,2.0,0.0
27.914858772209893,2.6362145172316227,0.0,67.06533991944576,9.979117780058695,24.531343314927422,19.0,0.0,2.0
17.581195609073273,4.029103456961578,0.0,15588.802600311516,3.5132899636112325e-07,114.36050788469063,0.0,0.0,0.0
10.002222480164434,0.07616516703969556,1.0,15769.341077433108,0.0009539468548657472,88.40146545999156,0.0,2.0,1.0
28.396283008978944,4.999624370493788,0.0,107.24900300059454,9.999443686324964,56.903367674778,8.0,2.0,0.0
49.99997654484278,4.774968299623378,0.0,26260.043926382175,9.996379307287487,0.027821198735671217,1.0,1.0,0.0
10.482794052059509,0.9718113751445749,1.0,89.7704074324303,9.960052793603271,48.6153459818452,6.0,1.0,1.0
46.87271002527939,4.980893048302413,0.0,15666.015883781101,5.846199055714433,0.031701815987358314,0.0,2.0,1.0
42.6725549023574,0.6989221687805771,1.0,56.392294147533505,9.993722625661725,38.317191772756075,25.0,0.0,2.0
10.297864284884342,0.5681422623535114,0.0,200.80803729396467,4.686397071495532,103.74387147966935,2.0,2.0,0.0
31.359410148878165,3.7643404689372946,0.0,77.82440404287,9.99578231151712,27.029200340103337,21.0,0.0,2.0
45.94148991117349,2.3446347044380014,1.0,26319.450928265578,8.288470327747458,0.36408028498190165,1.0,1.0,0.0
10.005266399367633,0.00013868367913375717,1.0,17739.38799533747,7.029875184548993,84.96636246083136,13.0,1.0,2.0
17.510563003748977,3.945512800392505,0.0,113.00027454186205,9.966917197357862,50.012239573183635,6.0,2.0,0.0
49.94923165373757,4.59337336981395,0.0,26263.754024912072,9.92149162212713,0.027852535225963593,0.0,0.0,0.0
33.68752339111598,2.5494007423005463,0.0,43.56003090984015,9.98877989128774,61.29316994238758,6.0,2.0,2.0
49.982615124334714,0.017651186158533762,0.0,9189.317452000827,9.368401755203204,56.68082466320734,0.0,0.0,2.0
10.000001239684549,4.997489356622172,0.0,4771.211461404501,9.98731006026822,29.540245008343398,70.0,2.0,1.0
49.94518276000436,2.6295115401780764,0.0,51013.52369447451,9.996286363662588,49.469572440065484,6.0,1.0,0.0
13.712690271278513,3.4956643507470484,1.0,52.59398668860767,9.709156870110286,71.02664178659766,2.0,0.0,2.0
26.876984311658997,3.329590849913637,1.0,15682.158728973744,9.955404625405011,51.20386345640057,0.0,1.0,0.0
47.49620279503791,2.5513708734250007,0.0,26297.708175218795,8.58756744863664,0.00830231508102424,0.0,1.0,0.0
10.000000005277872,0.00016029094230575865,1.0,17738.418082746168,8.179989099354522,85.65878283132865,13.0,2.0,1.0
10.258279269443282,3.9544855675098636,0.0,51.55008124658217,9.992230325348231,60.159760165374685,0.0,2.0,0.0
16.18591494602798,0.0001004144429575957,0.0,112.1009278183634,9.992200783752033,33.60903748282302,18.0,0.0,0.0
49.818235837344,4.5333622819094375,0.0,26256.022343766585,9.847355850969912,0.0006899236282595386,2.0,2.0,1.0
29.452536674440253,3.0302991041798077,1.0,15697.369493630385,9.999995693119578,53.02521494526202,0.0,1.0,0.0
49.98972369432609,2.5620436660954167,0.0,75944.09611844856,9.626264055570623,119.97888262702692,10.0,0.0,0.0
49.97725000001577,0.08501286682460352,0.0,3395.1560030959026,9.982537251546722,68.85730554043275,4.0,2.0,2.0
49.99330243998857,0.3245431688928244,0.0,49.03928700970191,9.999774529167325,89.4078564581131,6.0,2.0,2.0
20.09155488355084,2.4501418224848384,1.0,148.56767382346243,6.462887047805957,76.14787760421365,9.0,0.0,2.0
47.77757490279001,2.0264787259696737,1.0,26283.13761475063,8.617470638189165,0.057889387585925295,0.0,0.0,0.0
26.4025847550591,3.4032057214401394,0.0,15679.367600189846,9.994186938840304,50.87980190370015,0.0,1.0,0.0
16.99330158597681,3.8241655122564016,0.0,106.21907469590356,9.944389353213802,52.62289377070663,5.0,2.0,2.0
10.951462061764964,4.999999638211309,1.0,15853.924316093618,7.504207638108292e-09,74.45246208783513,0.0,1.0,1.0
11.42188593968742,2.2173690039248903,0.0,96.55085246727741,9.996488276414002,48.04826875492839,7.0,1.0,0.0
43.19331165622839,3.033841225505214,0.0,17680.7870374531,9.999661271557544,72.97610186102061,12.0,1.0,0.0
49.99619468079362,4.995968780784594,0.0,55951.39162947861,6.521501232208404,0.010269215064160548,2.0,2.0,2.0
10.001413732104224,0.21986253541261838,0.0,62.39958195021354,8.669290955922,45.18331034125439,0.0,2.0,2.0
49.998826197558756,0.008918224806469068,0.0,67636.65341458899,9.9681279121007,119.97434433241888,7.0,1.0,2.0
31.033085059993233,4.119842814507395,1.0,91.01963882413429,9.547301068788173,7.834850869113779,29.0,0.0,1.0
49.9993465110935,4.999991694356887,1.0,26283.088925223987,9.999800156451006,6.362795689401245,0.0,1.0,0.0
10.022342181326078,0.08769871472422809,0.0,15768.466507688918,0.0011768647193987735,42.509942230225846,1.0,2.0,0.0
14.411418180209905,3.8650960934581544,0.0,89.31503735096284,9.999983829500156,52.73077525015209,5.0,2.0,2.0
10.000001169140905,1.6772715245782548,0.0,15974.33315987809,4.9202225014879445e-06,69.18905518664478,1.0,0.0,2.0
42.90414977778346,1.157850472856206,1.0,26169.99519877362,7.47113504836901,0.5509437268637272,4.0,1.0,1.0
10.000002933292873,2.2172442996821005,0.0,82.26450923215752,9.999999134934477,47.21878114175332,7.0,1.0,0.0
23.408119327982437,4.437117751730403,0.0,15636.565630065475,4.890065978528219,45.46608362843452,0.0,2.0,1.0
49.99861766064486,4.999810146727438,0.0,26254.31605140206,9.986708774750344,0.00035823196625694173,2.0,1.0,1.0
34.02650264848996,4.999286083714138,1.0,79.34402200229712,8.377755271100733,68.32710668527508,46.0,2.0,0.0
36.33984980016091,1.8988701756137052,0.0,52.69501491923177,7.032997753469242,47.662091714099866,23.0,2.0,2.0
10.004622374471307,1.1891117609090993,0.0,2021.7748788433694,9.999412455656543,34.02071496255341,36.0,2.0,0.0
21.813330153186506,1.1903696093239948,0.0,128.46866386648514,9.999474954810108,47.145368723236835,17.0,2.0,2.0
10.000000020507066,7.751826341748921e-07,0.0,15759.446823124312,1.2744400210439913e-07,62.91674612949666,0.0,0.0,2.0
43.133335653321915,1.3485759422274979,1.0,26277.131575926236,8.53334980497637,0.5626268597678636,7.0,1.0,0.0
21.851867452670316,0.16293800930228386,0.0,122.43814495801062,8.17711085493995,37.37849477637789,21.0,1.0,0.0
49.99999525392435,4.999994300109137,0.0,26279.843648629067,9.999999918350797,9.290144627730903,0.0,2.0,1.0
13.03275210236717,4.410705699612968,0.0,15593.04527052189,0.914057623503003,21.981096650679746,0.0,1.0,0.0
49.95897031013265,1.84148413357385,0.0,53347.13403711145,9.56392962241184,99.80060871876226,19.0,1.0,0.0
10.031376138286207,0.5237170398364976,0.0,6346.493698244611,3.8458766579721892,19.090441456521734,35.0,0.0,0.0
39.318696104503246,0.0002065840301641714,0.0,4809.577983445741,3.7792542848565613,33.21091319297219,29.0,0.0,0.0
13.565093395818153,3.5864221572645705,1.0,52.57730983794215,9.81808933717812,70.68248885109475,2.0,0.0,2.0
38.602441692929546,4.304611381058902,1.0,26283.134138742127,9.999998454110116,1.4799023945566911,0.0,1.0,0.0
10.00006651559531,1.8547657098452904e-08,0.0,15876.41020603246,7.437232965753127e-08,49.61888835302316,1.0,2.0,0.0
10.000002380689816,1.6207056997411373,0.0,81.32169089623983,9.99940831857339,46.8787671217994,7.0,2.0,2.0
49.99999990999291,4.999999530549939,0.0,26259.66864923373,9.999996588910921,0.005769114588632425,0.0,0.0,2.0
10.007887621631646,1.1072007536143884e-06,1.0,15882.173084703063,7.1325280924449345e-09,84.13067974307246,0.0,2.0,0.0
10.000000525669455,1.0373899130377124,0.0,78.42775206991733,9.998712408886755,42.926342007093886,8.0,1.0,0.0
17.082238503714656,4.273562374768395,0.0,15615.981876993208,6.1135093551232425,37.572168413280274,0.0,1.0,0.0
49.999973699698515,4.999999972087563,1.0,26239.93472335991,9.999898202700383,5.006449458019142,0.0,1.0,0.0
48.61567814232713,1.484606093389932,1.0,44.470559281302734,5.958879566994109,119.3255246059392,13.0,0.0,1.0
49.998955709155986,4.9996666348698495,1.0,52419.80373899328,8.87244116281991,59.01137835686959,2.0,2.0,0.0
10.00095995803818,4.998405018474535,0.0,41090.88789130824,5.460407634080478,81.77259565392875,9.0,1.0,1.0
30.850383631353527,4.49109295021345,0.0,93.55098176285088,9.881572766580716,6.012037162801333,30.0,0.0,2.0
48.463346568824136,4.999998355101111,1.0,26284.036534906278,9.999947511802304,11.683191753365792,0.0,1.0,0.0
22.915070334547412,0.6333785616561959,0.0,15734.048048033208,0.0002822974886930677,55.104930005488114,0.0,1.0,0.0
10.00992578652969,4.286166819918251,0.0,42.87567675199015,9.989063637716304,59.12860086786212,3.0,2.0,1.0
49.999999971729494,2.7199891795447972,0.0,26290.858206284636,8.377063676743328,3.706077427719968,0.0,0.0,1.0
22.772002356468697,0.0021189559961820397,1.0,15767.41358637042,0.00047206492859360887,58.107082228124,0.0,2.0,0.0
18.60734431636569,8.202328947455167e-05,0.0,115.58428384614133,9.999710189007345,30.089466002633074,21.0,1.0,0.0
48.64921491607625,4.998730735166406,0.0,26289.22458597184,9.999264642980451,9.105461640235593,0.0,2.0,1.0
13.19385530534239,4.999918879812748,0.0,15553.902696225929,1.89782176291655,26.480137956267875,0.0,1.0,0.0
38.9981771043193,2.959914779699144e-05,1.0,73074.22842833215,5.689086664641465,0.0380476048209217,39.0,1.0,0.0
10.013724804749279,2.3987850760136786,1.0,46239.28553564261,9.989866228016076,0.019104353272587506,0.0,1.0,0.0
10.007773744966084,2.5915337100336817,1.0,49799.17719804509,9.999962378917642,0.038238354660376284,0.0,1.0,0.0
11.683062729333448,3.9697183306225345,0.0,52.781302251384275,9.898333204453571,73.4863339017257,0.0,1.0,2.0
49.48224788808722,3.7535815509904347,1.0,26261.865083875742,9.541636592828658,0.7148969720298248,0.0,0.0,0.0
20.556671601711496,4.99999729231099,0.0,109.48015833417422,9.999995157174233,59.02673701156122,22.0,2.0,2.0
49.99998115149166,2.6794813441694068,0.0,26290.858206284636,8.274815096761145,3.988462197427635,0.0,0.0,2.0
10.341235384634892,1.8664263301433168,0.0,80.77150068057207,9.939857973066731,47.002857665240896,8.0,1.0,0.0
24.074513612868213,3.770885852707841,0.0,15670.250239123938,9.764703513621669,47.37354244228468,0.0,2.0,0.0
39.7329747842223,4.998994004297226,1.0,26286.870582786927,9.988045833330263,0.31907508168463017,0.0,1.0,0.0
49.91128341208982,0.0014779053682225885,0.0,42.121258144083704,0.06930515834305895,119.20103927504272,7.0,0.0,2.0
10.025542981810576,4.997770939250123,1.0,28587.288316400758,9.95668819266476,0.003222861386832419,0.0,0.0,0.0
49.997397479880185,4.999800729313009,1.0,63867.030454991705,8.784452792227903,8.163629594741247,15.0,0.0,1.0
11.752695348778053,3.881718729644275,0.0,52.642414390483694,9.848574544199032,73.76596330518996,0.0,2.0,2.0
49.41241358517848,0.9714902693331222,1.0,26236.124528111905,8.981669355963687,6.918114589050015,0.0,1.0,0.0
16.68433942805367,0.02295117324312311,0.0,15791.766050457552,0.0007261441251814872,54.67585239859849,0.0,1.0,0.0
10.000001046241136,4.99999611854831,0.0,50.83734379961234,9.999999525667358,65.171383801492,1.0,2.0,2.0
49.99999998149735,3.509061078567548,1.0,26283.170831677082,9.376215639069756,2.661850641628261,0.0,1.0,2.0
24.9096630131624,0.0017285957429488013,0.0,15729.145075775781,1.3290677416448955,57.92716858474113,1.0,1.0,0.0
10.018620228122426,1.9968648081293525,0.0,80.77150068057207,9.960552542908758,46.96226439102028,7.0,1.0,0.0
23.047654593878452,3.5506874144646234,0.0,15653.807546577147,8.88798524349358,49.04377908162963,0.0,2.0,1.0
32.96224079359946,4.999960405131386,0.0,26301.15252824273,9.999841603323238,0.00022491883929216068,0.0,1.0,1.0
10.009153439625326,1.555123094354523,1.0,72296.63463403576,9.998543133301434,0.8310364043645322,1.0,0.0,1.0
10.020779321055603,0.001701695493672981,0.0,295.9408326578077,4.961799651724708,10.79326674716798,18.0,1.0,1.0
33.28694496429128,4.450766621628955,0.0,83.82501925094166,9.482379118583891,9.312248979801963,29.0,0.0,2.0
10.000010839202528,0.00014150415817425368,1.0,26127.702438669105,1.9451688185156946e-06,92.82789885081583,0.0,1.0,0.0
10.650555704111314,2.1904632287709864,0.0,80.97809371441083,9.933198047849089,47.11947976519804,7.0,1.0,0.0
10.13676321410314,4.999999564301346,0.0,28591.6636547768,9.999999990170119,1.1729965696307656e-08,0.0,1.0,2.0
10.008637030480863,4.654041757246075,0.0,56289.668920262215,6.457545847123655,17.47799274305519,0.0,0.0,0.0
49.996078638680466,0.004105686951182746,0.0,81547.58983094638,7.7240314386998135,119.9996010292302,32.0,1.0,0.0
45.68589995828776,3.6961019590750857e-05,0.0,26182.30281548527,1.1620885971643793,55.39296689814292,0.0,0.0,2.0
11.77456128654955,3.9106552221889124,1.0,52.75588687721334,9.827068012777582,73.64432424845648,0.0,1.0,0.0
10.789289048249334,2.177126986682153,0.0,80.77150068057207,9.92271697412993,47.424384588751515,7.0,1.0,0.0
13.369704789665597,4.996056254240844,0.0,28546.457384006397,9.999999442989253,0.6786174997885102,1.0,2.0,1.0
29.90870294107968,4.999995507901155,1.0,50133.47821757244,9.999863051165473,77.41910680643079,16.0,0.0,1.0
10.054244100705958,4.991114809386697,0.0,3457.3788158211646,8.20948735686572,59.31660775792745,22.0,0.0,1.0
10.000000023178588,2.2241526493808292,0.0,82.25012962805718,9.999536391829542,46.889562424511944,7.0,1.0,0.0
10.043754101791524,4.999999097777534,0.0,28576.86248118497,9.999999960287797,0.043249355920366016,0.0,1.0,2.0
33.095344613859695,0.5777847472564986,0.0,65.09438888748888,9.996311902684058,114.36132072992814,15.0,2.0,0.0
10.40225591096949,2.5376701508789012,1.0,58017.7037625143,9.995343051661745,104.42655720004495,13.0,0.0,2.0
45.47453088503158,4.708053230329042e-10,0.0,26175.791544369175,0.6020267361903546,57.767023061596895,0.0,0.0,2.0
22.116001238809478,4.999998806878111,1.0,45.455340039733215,9.485963190036626,65.70240365696493,7.0,1.0,0.0
30.553452753400656,1.6067425664080945,0.0,5813.368236697802,9.933899301624527,64.43302717827146,34.0,1.0,0.0
10.000248985147019,4.9994753288500915,1.0,9823.311009832667,7.6982250162658135,0.005634792700345226,15.0,1.0,0.0
31.45337579753685,0.5220814834714986,0.0,70.67731496213764,7.590207798277697,62.72440637779508,14.0,1.0,0.0
23.273763933472658,3.4201482744499283,1.0,4280.610726730654,0.015972736433131546,119.99831831237164,3.0,0.0,2.0
10.016394564733774,2.9890798625646657,0.0,43948.771381270126,9.402904224927088,79.38861633238807,14.0,0.0,0.0
45.565067278609284,4.101970002355297e-11,0.0,26175.791544369175,0.6020271273185254,57.767023061596895,0.0,0.0,2.0
10.000004924965346,4.999963102517029,1.0,28589.37584562357,9.999821101050811,7.908173727292113e-07,0.0,0.0,0.0
30.274319477556514,1.5275303927151358,1.0,5804.353921319268,9.871276648166248,64.29881316707836,34.0,1.0,0.0
10.00056517992039,4.999095847586175,1.0,15037.926574552208,3.609862101965565,0.0033639748734608033,14.0,0.0,1.0
39.785903125166016,2.307478231115252,0.0,4133.915997055872,9.999921208923357,110.83338559305024,54.0,1.0,0.0
41.14415540227476,9.599601138967881e-05,1.0,26060.588724291978,0.0006785607375441711,119.99965487699848,0.0,0.0,2.0
30.378435304587605,4.9979498304411285,1.0,89.01565784214331,9.305805923486464,13.4592877705807,27.0,2.0,0.0
11.119272232588456,4.9999832900975285,1.0,28536.554558884192,9.820770486525072,5.226363946537028e-08,0.0,0.0,0.0
30.989651198849405,0.002461267156047753,1.0,60.415103408763244,4.606568835344205,116.07717911712098,27.0,0.0,2.0
28.21818633513995,4.645491557763735,0.0,30537.353662081292,0.0006141017537149115,38.035841823595796,0.0,2.0,2.0
15.395533834510767,2.973549333083208,1.0,28402.124803825765,5.867163970795723,5.111427499604614,0.0,0.0,1.0
19.986804789160512,4.999848284296721,1.0,62.81403576546872,9.08481937836253,66.13909519507521,5.0,2.0,0.0
10.478244590333151,4.999969961251032,0.0,28553.07806857477,9.629819310013533,2.8823951922242195e-05,0.0,1.0,0.0
26.994440688362364,0.9839942623217748,1.0,5710.986208248897,8.677356134851445,63.86346559800736,31.0,1.0,0.0
10.000811121795211,1.1577007531718901,1.0,79819.17688477875,8.762907567928805,29.590049663130532,0.0,2.0,0.0
10.008244854272773,0.0002130742620628592,0.0,66.56360475386006,9.999503936840435,51.33534862393278,28.0,0.0,2.0
22.52433539884651,4.913306280947433,1.0,68.20719958614838,8.965041439922267,67.79503916741488,7.0,1.0,0.0
10.09690831251129,4.999999710280232,0.0,28573.40946961442,9.777810041629518,3.4143906209669104e-07,0.0,2.0,0.0
27.879139074789872,1.340004796744361,0.0,5745.382672696136,9.105244724251952,65.00998076386861,32.0,1.0,0.0
49.99985103510815,4.405165653768009,0.0,88514.88050018967,2.6379913892373126,18.036227204047403,3.0,2.0,2.0
49.983278514065695,0.0002848482748718758,0.0,17632.89425826835,9.998219175817248,7.6805659191822535,54.0,0.0,0.0
12.286965016547736,4.008570028166541,1.0,28507.866638535826,7.361179848959242,0.18450290038702963,0.0,0.0,2.0
22.489464274393544,4.879081336417438,1.0,56.3194056824048,9.08254172367867,64.93077858436813,8.0,1.0,0.0
15.067849298777036,4.999999622080618,0.0,28480.255517477544,9.999999884411167,8.454356454235877e-08,0.0,2.0,0.0
10.002127487931595,4.997918699945613,0.0,15557.803322063037,9.954781184042703,39.59565784124091,0.0,2.0,1.0
30.00352154024861,4.998293035811156,1.0,38787.52726011512,5.142403125148849,84.4351937831887,0.0,1.0,0.0
16.45217484011292,4.997360579403142,1.0,33220.47257715875,9.99738957031657,0.16111905686433814,0.0,2.0,1.0
19.789157502858853,4.826668959056237,1.0,63.67386725965776,8.915905250112854,65.69649174353928,5.0,1.0,0.0
10.057726785303192,4.999999991497731,1.0,28584.28177905903,9.92104450969638,0.00038381317291658317,0.0,0.0,0.0
37.28719992828523,3.3710571253152506,0.0,5793.6636007687885,2.492752409943431,63.98120944857391,36.0,1.0,2.0
10.001662650027686,4.998547789937348,0.0,1807.1701176769361,9.984262170193137,9.462354461468271,0.0,0.0,2.0
49.89008267242887,4.25551239154788,1.0,55776.516262194724,0.20150804288636107,25.55773579343653,1.0,1.0,0.0
18.8606396637008,4.46702097622659,0.0,62.688821233832016,8.726199926455328,64.90251779097187,5.0,0.0,2.0
10.118368637772633,4.99879574468079,1.0,28582.428724529454,9.862628140401164,1.7351466972693102e-05,0.0,1.0,0.0
48.71968976457132,4.526503860019103,0.0,26286.655191963848,9.314583111327009,6.812682219449844,2.0,2.0,0.0
49.992333264672766,4.993135140916283,0.0,5740.5998543859305,0.0219388243346594,82.70796359427374,26.0,2.0,2.0
17.534365329462208,4.999997929325753,1.0,28304.17607633403,9.386245223719941,1.391945365456324,0.0,1.0,1.0
35.22031784029656,4.999702256362138,0.0,32301.67562490497,5.419858491863617,40.38058609940706,0.0,0.0,1.0
49.987469876997075,3.2935110467703637,1.0,3516.92777052611,9.509750946936396,14.918847720732156,43.0,0.0,2.0
19.608569672976447,4.666054523740366,0.0,64.64281685177632,8.712287943105878,64.4948501757625,5.0,0.0,2.0
49.62754818959796,2.784603974909028,0.0,26300.45706633089,8.52623620001774,4.295960142068677,1.0,1.0,0.0
22.906218624812514,4.948646137421676,0.0,56.21805749426738,9.071080907174407,64.86693137825456,8.0,2.0,0.0
44.318662720314784,4.999999879457976,0.0,26268.630152167916,9.999999033137714,8.578499487733755e-08,0.0,2.0,1.0
10.453346124505176,4.983748795691352,0.0,28554.523824751464,9.50644175093065,0.5325115749335858,0.0,1.0,2.0
49.73846320085038,4.767347467432283,1.0,41.885950814159926,6.180483701644811,0.03966852782428923,0.0,1.0,0.0
10.008202062533568,4.289600837962169,0.0,46.349901069153745,8.464242115103836,110.56092520786972,7.0,1.0,0.0
19.347959751064792,4.736771680411089,0.0,64.33595943239479,8.760157759040958,64.69492949875138,5.0,0.0,2.0
48.257301155965685,2.578299220277842,1.0,26273.53180444167,8.682371315250922,4.741947682499571,2.0,1.0,0.0
11.061732562923027,4.9999788459199985,0.0,28528.098581424798,9.834415071158618,0.00012218400339160016,0.0,1.0,0.0
14.94203518282088,3.2138839851653915,1.0,28424.487083300093,6.345738026708016,5.047044605235895,0.0,2.0,1.0
44.82517758254177,4.999988012997742,0.0,26162.348042270834,7.935121959201972,45.34979543926414,0.0,1.0,1.0
24.785418169833417,0.01775753308025069,0.0,14092.488739080578,0.9947509863447264,1.9638502968651572,33.0,1.0,0.0
10.20543828503517,0.0005926321259312577,0.0,4845.899779477438,8.794322988076823,78.23005218597169,11.0,2.0,0.0
19.21123069609748,4.71350756201905,0.0,65.25854808512337,8.703983943060035,64.72396971582963,5.0,0.0,2.0
49.00117251891228,3.1497891345545006,1.0,26263.716422041776,9.297098882778306,1.2488513572498843,0.0,1.0,0.0
34.75145772593819,2.7458748013208765,0.0,152.18942667157475,7.042694666583093,119.99986377381215,36.0,2.0,1.0
39.75394142483076,4.999882603000534,0.0,26194.160348943104,9.780824549117769,20.893344616536663,0.0,1.0,1.0
49.71032727974227,3.8309433932005716,0.0,116.5409746399728,6.548581594892144,0.6100578383262283,49.0,0.0,2.0
13.77894037738448,3.377731932213616,0.0,61300.43406668356,1.7901091893323628,45.53621833349739,0.0,2.0,0.0
19.481245402921278,4.665720599800637,0.0,64.41599355697676,8.745266227019949,64.63460145137006,5.0,0.0,2.0
44.44874540271786,1.311135347932697,1.0,26273.100499999047,8.792284568538003,2.883190186184946e-08,3.0,1.0,0.0
49.99999870552098,4.292429089821659,0.0,26310.29639538653,9.488819330401055,6.731193981204999e-08,0.0,1.0,0.0
43.200244167049306,4.061789905198415,1.0,91675.46193124067,0.004852758995023562,0.00011855932017999261,12.0,0.0,0.0
28.918566119174216,4.990895915855434,1.0,61812.546414288234,2.723014177339223,119.97321547037832,14.0,0.0,1.0
47.009023800713386,0.8241375797149018,1.0,26258.080144873777,8.642952505838183,3.004943825989953,0.0,1.0,0.0
49.99994858104542,4.997417704043154,1.0,5690.86032970225,0.0005225076382792267,91.2584472383654,43.0,1.0,0.0
49.394995562570955,4.999960111347578,0.0,26232.46823322035,9.998436621130232,8.065410209477866,0.0,1.0,1.0
37.03400236530788,4.4403267399421855,0.0,9651.156795008666,9.919327876196839,118.05478163995485,20.0,0.0,2.0
33.9680758676283,0.003802445563697258,0.0,52274.51692367797,5.647903744131927,2.7037071854631898,0.0,2.0,1.0
39.010268725800074,0.6235941610723122,0.0,26105.84012878354,1.373391130708899,100.1391994980454,0.0,0.0,0.0
49.986950931792116,3.0591162500124653,1.0,7570.707788505114,8.996504593137988,96.8167993440738,7.0,2.0,2.0
29.726646496703353,4.99999839495685,0.0,51717.79260986337,7.6332782881627645,2.0951698618462755,10.0,2.0,2.0
49.99998777831505,3.9160482960864926,0.0,5835.474945021707,4.432702600692431,66.58473461904431,40.0,1.0,0.0
46.500148664170375,4.476610969842505,0.0,59083.87021755696,6.50080038769993,0.0017198202326847642,32.0,2.0,2.0
29.799822303992197,3.1372461695241203,0.0,44194.2853229537,0.0008598573336065889,46.99116752577465,0.0,0.0,1.0
19.113547119252516,4.729950244548989,0.0,64.7102062823287,8.699324446910428,65.00825874036457,5.0,0.0,2.0
40.336460438639364,0.005385743733338617,0.0,58.789494620551714,5.234000155510753,44.50453994933663,25.0,2.0,2.0
24.89116834916703,4.250061341909398,0.0,58.06830452032174,7.176958849057058,119.98582077216693,0.0,0.0,2.0
26.626950589153697,4.581071870302907,0.0,66.64062193303376,9.86747825786266,71.98468384291625,5.0,0.0,1.0
47.73647939915735,1.487048084751021,1.0,26260.457758400335,8.80746925004934,2.0870479252113086,0.0,1.0,0.0
21.84722578439839,4.516548257272319,1.0,55.97586879904702,8.570883329991652,65.5476652794873,8.0,1.0,0.0
33.88149915056078,4.987927593640262,0.0,55016.93078445321,5.653157567584747,9.661085294046103,9.0,2.0,1.0
24.699160919234785,0.00046214555159516425,1.0,19653.465635963927,9.999499508132505,70.89381498617824,2.0,0.0,1.0
25.91994035114395,4.99748337079315,0.0,62.789606471900896,9.999993827398814,63.75325195181825,4.0,0.0,1.0
49.99996232873333,4.999275270099654,0.0,26375.645102174065,9.99633969189313,0.006797264648857839,0.0,1.0,0.0
30.945168180404448,6.454663331245773e-06,0.0,5830.135277056823,0.00023510243382677946,64.30275108345576,100.0,0.0,0.0
24.06980998946313,4.99999998598604,0.0,26259.672344499846,9.999830135654461,5.205610683114698,0.0,1.0,1.0
10.000956396128323,4.934335028827944,1.0,67821.4355518922,8.515257224219265,8.225954762020182,18.0,2.0,2.0
13.915004232907105,8.197089033861805e-05,0.0,14908.12491373594,0.002213728270518009,0.05720270956879639,15.0,0.0,2.0
28.827943846544677,4.999903898701881,0.0,64.8234456746924,9.999854039035455,61.991910001153165,4.0,0.0,2.0
49.99743041818954,4.987726727257241,1.0,26276.203562856277,9.991372141040765,0.00013909707468792143,0.0,1.0,0.0
19.73365005723621,3.9760568060372e-06,0.0,74.05498425431254,1.4990332812648651e-05,119.9998680251131,74.0,2.0,0.0
46.887594846479324,1.889869075028831,0.0,26223.877490931707,6.981124061084065,24.172066585678284,3.0,1.0,0.0
10.002634842817853,3.8101983236591903,0.0,58937.80237719259,6.6217668534423515,28.85454705530873,10.0,2.0,2.0
49.99895368108592,4.887144372898286,0.0,55.36960412250738,7.358369299013472,119.96801832417617,69.0,2.0,1.0
49.5765442212295,4.079125475013792,0.0,26329.51992216266,9.521024224924275,2.539427885062754e-07,0.0,1.0,0.0
25.761580917184943,0.0013844857871271156,0.0,5726.496055006508,6.246132391099235,61.31788376068272,39.0,2.0,0.0
10.02111092583351,3.696763971098311,0.0,18146.03205385891,0.21261091297221774,89.22177516893674,6.0,0.0,2.0
46.25540627805668,4.999901160184188,1.0,62845.99066517302,7.70746834871245,88.7649630469426,28.0,0.0,2.0
48.43640073403598,1.5664994039808926,0.0,26205.70802115341,4.9874652210207735,51.36911081256503,3.0,0.0,1.0
45.258610851567724,4.91549897751169,0.0,5492.958807686116,1.7646317128623592,19.526867818093674,0.0,2.0,0.0
10.069700419339839,0.0005291928016179402,0.0,46.75828820098119,2.8464190547829062,0.005926362401430629,51.0,2.0,1.0
49.23944336281617,4.092677079971793,1.0,26291.917726402804,9.626748501245672,0.0030850899580538507,0.0,1.0,0.0
29.886453917771185,0.5878871753342229,1.0,5802.451754189175,9.556335177821804,63.96971330096492,35.0,1.0,0.0
30.47480321127131,0.0009272943632993684,0.0,70721.91246993326,0.0005693461852196331,80.72959831743556,0.0,0.0,0.0
49.997270964859815,0.00010177949341715567,1.0,19954.896311686593,7.19677807342482,64.27962108732699,71.0,2.0,0.0
27.72240516134748,4.999971373615312,0.0,63.00033836302238,9.999999195794826,62.88633725067777,4.0,0.0,2.0
49.16724914132367,4.216958952497342,1.0,26309.872235474315,9.583986255789945,1.5008889884646868e-05,0.0,1.0,0.0
43.61564042012134,0.00034608407965084926,1.0,38166.29562153199,0.01030101485238015,0.09823486874378731,0.0,0.0,0.0
43.961308929826075,4.997597108941812,1.0,39738.06066055861,5.02696088680166,0.0007962546643489853,5.0,2.0,0.0
25.394578673310672,4.964146742867835,0.0,63.64176452190185,9.988957649020275,63.84032470292167,4.0,0.0,1.0
47.61600235717702,3.1175358993307873,1.0,26280.356237461747,9.752296274351473,5.156675900611816e-07,0.0,1.0,0.0
29.53331372584647,0.9014089429535765,1.0,5787.574499002485,8.76989197783011,63.858658189666215,36.0,1.0,0.0
