car_speed,p_x,p_y,orientation,weather,road_shape
28.03197311151155,-29,5.160685855478787,2.7404838861371825,0,0
47.77086633466709,12,1.1586561247077032,0.07091828603166261,1,1
11.487182572383517,15,6.234897555375004,6.457208955749478,1,2
47.68922512117597,-20,7.76683114342298,7.199093835086931,2,1
19.032415340471843,4,6.130033010530404,8.355692165002742,2,2
24.049690203765905,-6,9.172977047909027,2.8187782736454214,2,0
42.24661672191988,0,0.3959287666420286,2.152181671629736,1,2
23.413961136612258,-30,5.285892632600216,6.3933138006658785,1,2
29.73171594528768,8,4.593358828854037,8.050548331450097,0,0
6.2401600959380765,-14,0.623495791498756,9.636708728449708,1,0
38.9080898903663,3,6.41328169139375,1.5052483042117748,1,0
29.21644909486752,-5,8.526328384806568,4.822123881993365,1,0
19.837927242459145,7,5.92941018104284,8.947158621961735,0,0
40.47929165427819,-24,2.6009744773722323,4.227169069454373,0,0
18.643767318124024,-8,8.398815210314087,5.895020620840481,0,2
25.407405026629316,8,5.094958815215094,0.244906774933632,0,0
11.031876376122414,16,5.10888884466533,6.734598871529389,1,2
23.140084390120816,-7,7.530302077021779,9.190886196338225,0,2
14.155485830426732,-29,1.4792203578495655,8.268253295567211,0,0
16.804100319883226,14,8.19626719119277,8.855202667099467,0,2
38.76641026835237,0,6.832869060032571,6.603553805205234,2,2
17.6183941093718,9,7.870969415548011,2.455522672431776,0,0
26.83359384942358,-21,1.9161625902013524,7.685169988962544,2,0
49.13317399105574,-4,8.023641611345301,2.116747426075105,1,1
48.27457371487041,23,1.9132392605720028,8.31274834664461,0,0
37.615547334809015,22,0.8155261736351271,0.6271792257076825,2,1
29.35520849963454,-11,8.552269742870703,8.254878133935557,2,1
17.460104182041686,8,8.612834961776684,1.645072664741013,2,1
12.229340394880708,-25,8.765370964165806,3.7514699649664185,0,1
48.646643594725965,19,4.719097193587903,3.1673816655696427,2,1
17.6183941093718,9,5.2796718506793106,2.455522672431776,1,0
29.35520849963454,-11,8.552269742870703,8.254878133935557,2,0
48.51016078412401,-4,8.023641611345301,9.391013611933245,1,1
49.5833703076411,-22,8.979815361645915,3.8004567407328755,1,1
48.37716526772968,-29,7.949560395642711,2.7404838861371825,0,0
13.583104175487534,-30,1.683239711107577,7.8501308376557,0,0
38.9080898903663,15,6.41328169139375,1.5052483042117748,1,0
41.46193355485083,0,0.3959287666420286,2.6482600896152677,1,0
20.30857396822109,8,5.0208063105131195,0.244906774933632,0,0
23.140084390120816,-7,7.530302077021779,9.190886196338225,0,0
48.6492422945982,19,4.6630326727129345,3.1673816655696427,0,1
38.76641026835237,0,6.18513828976741,6.603553805205234,2,2
11.92965803546436,15,6.234897555375004,7.373676818576501,1,2
29.812412007873792,4,4.93914853094621,8.842922818191647,0,0
22.70058423571946,-30,8.851611068573655,6.3933138006658785,0,2
26.83359384942358,-21,1.9161625902013524,7.685169988962544,2,1
16.907957836804375,14,7.763344025374533,1.5362587086010597,0,2
8.941232189340612,15,1.0680211500968937,0.07365847953482874,0,1
27.285443967178722,-20,4.6536793284712425,6.463405500093455,2,1
40.47929165427819,-24,2.6009744773722323,4.204387794719241,0,0
11.031876376122414,4,5.10888884466533,6.889080046757581,1,2
24.834359829388173,-6,9.048084748079344,3.767982182355536,2,2
25.130505890107713,7,5.92941018104284,8.947158621961735,0,0
6.2401600959380765,-14,0.5522767241393145,9.636708728449708,1,2
47.18926852324866,23,1.9693038257623243,8.31274834664461,2,0
20.71251719851854,-8,8.366038901917982,5.895020620840481,0,2
37.1736859029453,22,0.8155261736351271,0.913617453104631,2,1
16.1854496236285,9,8.612834961776684,1.3912349804730906,2,1
18.95171927817905,11,6.01125696424225,8.051991561300074,2,2
11.487182572383517,15,7.520037311060662,6.547257604880368,1,2
13.583104175487534,-30,1.683239711107577,1.704298036538769,0,0
26.20249471811761,4,4.956496682194702,3.2316428697139883,0,0
37.615547334809015,-10,0.8155261736351271,0.6938014764677747,2,1
49.39172181880992,8,8.612834961776684,1.3912349804730906,2,1
26.938010661593648,-20,8.552269742870703,7.686224361967124,2,1
12.53883618729045,23,6.130033010530404,8.894324319932881,2,0
43.931639186416874,0,6.832869060032571,6.603553805205234,2,2
24.834359829388173,-6,9.048084748079344,3.810013627534624,2,2
48.51016078412401,16,1.1529829982894673,0.03191574117814522,1,1
39.5782549211134,-30,6.45012462202915,1.865811082883476,0,2
22.48936435399657,-22,8.979815361645915,3.9212933788065847,1,1
49.6752991152605,12,1.4792203578495655,8.268253295567211,0,0
16.804100319883226,18,2.129919861578397,8.855202667099467,0,2
6.2401600959380765,-14,0.5522767241393145,9.636708728449708,1,1
20.040624563630104,6,8.511098864106403,8.248453740831023,2,0
17.460104182041686,8,8.612834961776684,7.790989816419453,2,1
24.6075595577636,-6,9.155293239849074,8.429612247122304,2,0
22.991262787748482,24,7.742805053488382,9.190886196338225,0,2
16.590959135057968,-19,7.76683114342298,6.8449778918119915,2,1
30.44228845374995,-14,1.9161625902013524,8.253823760930977,2,1
47.18926852324866,4,1.9607353774083616,8.356333840861636,2,2
29.48010540705875,7,5.5732298801215645,8.947158621961735,0,0
8.941232189340612,-5,7.940066376972277,9.680029636109477,0,1
22.030417508814434,15,8.534366446622021,5.016566000081667,1,0
49.64237879785627,-15,7.530302077021779,9.06883938497105,0,0
15.17607728506845,-29,1.1586561247077032,0.07091828603166261,1,1
27.465781896112233,-21,9.97372697395249,7.685169988962544,2,0
27.766526812616856,-20,4.6536793284712425,6.463405500093455,2,2
28.85884123537172,-11,5.934728926590066,8.95358301506261,0,0
13.583104175487534,-25,2.4193000423417343,9.16840440737652,0,0
20.040624563630104,6,6.817799946366097,8.248453740831023,2,0
47.87891339377206,12,0.15083179958164106,8.855202667099467,1,2
23.523288964799622,6,5.913076294270273,7.8815732846197335,0,1
6.2401600959380765,-27,0.5522767241393145,9.900572918392747,1,1
46.55538040179981,0,6.832869060032571,8.021302226752558,2,2
16.804100319883226,-15,7.4449137566133,8.968340818870026,0,2
24.6075595577636,-7,9.155293239849074,8.429612247122304,0,0
48.51016078412401,-4,8.023641611345301,9.394210832493442,2,1
39.62338505040125,-22,9.057223743612335,3.2978726088992634,1,2
18.985986988288083,-27,6.562104720206699,8.268253295567211,0,0
47.68922512117597,28,6.059618441816661,9.21362342264592,2,1
49.39172181880992,-14,8.405484567729879,1.1096638514407353,2,1
6.2401600959380765,-14,0.5522767241393145,8.23536150270612,1,1
22.303061750644517,8,8.612834961776684,7.790989816419453,2,1
38.76641026835237,0,7.666695376195994,5.629278769277869,2,2
16.618670737165985,12,9.46386224148131,0.07091828603166261,0,1
8.941232189340612,-5,7.9564002628358885,9.815457430645665,0,0
14.179051944312354,-13,1.0331868093457808,0.25157556561475225,1,2
29.35520849963454,-11,8.653341610283467,8.41774576703944,2,0
49.984729950210216,18,2.2153131116992086,8.505573772698312,0,0
13.583104175487534,-23,2.4193000423417343,9.16840440737652,2,0
37.615547334809015,22,0.8155261736351271,0.6229252348169236,1,1
49.49207621616534,-30,6.372702639135254,2.1124296187397196,0,1
12.366327317013578,0,1.4968654479166958,8.166598506436948,2,2
11.470139587601745,-26,7.777990681204256,7.1045581298011795,2,0
29.35520849963454,8,8.553212159758154,8.176384905154833,2,1
30.44228845374995,-14,1.9161625902013524,9.655118130691873,2,1
25.187129248468406,25,7.825002777984927,9.190886196338225,0,2
49.39172181880992,12,0.10154464658635143,0.04991893203938047,2,1
47.77086633466709,8,8.56491168985707,0.7886884059183334,1,1
38.605929128797,-20,7.981936220022072,7.108964345898806,2,1
6.561906531603298,-14,8.636991905438823,9.636708728449708,1,1
16.666396061954952,-29,2.1569479664778397,9.542889828282108,1,1
47.68922512117597,28,5.9995285696444975,9.18958248598258,2,1
49.044859278339686,0,6.837325495115107,8.353377346758794,2,2
43.931639186416874,0,6.438790624806218,6.603553805205234,2,2
25.20634156099466,-14,9.22860646733149,8.453451864118119,2,1
38.20749884592473,-30,6.45012462202915,1.865811082883476,0,2
13.268757680270344,-13,1.0331868093457808,0.25157556561475225,1,2
15.868838570106163,-4,8.511098864106403,8.26119824512048,2,1
6.45435881286848,-14,0.15609888385204496,9.539090518750296,0,2
16.588236720167572,-7,9.154136325339959,8.63537650513058,0,0
49.34638213862475,-7,9.009671984527797,9.27705128323938,1,2
19.055689598385552,-28,6.562104720206699,8.268253295567211,2,0
49.66137875623596,0,6.8019623381010685,6.88260707130601,2,2
6.04385421440516,-5,0.11414912591304738,9.680029636109477,0,1
6.383412996969256,19,0.5252613270459258,8.855202667099467,0,2
29.35520849963454,-11,8.933685938088072,7.650369020572641,2,1
16.029090967628807,0,6.130790749638374,8.023617044996506,2,2
29.843506450518888,-6,1.8357709586892414,9.631263980890509,2,0
44.317637924250064,-18,7.723639057798152,9.06883938497105,0,0
15.17607728506845,-29,1.1586561247077032,0.04724616268553472,1,1
42.55103154755177,-24,8.438608257241519,3.2978726088992634,1,2
46.02957427905322,6,8.023641611345301,9.267210427917794,1,0
22.78805703592114,25,7.825002777984927,9.190886196338225,1,2
24.637993574815326,12,9.46501915599019,0.07091828603166261,0,1
24.035205412816055,-22,7.500445402055842,3.711232122541572,0,1
22.303061750644517,8,8.612834961776684,7.790989816419453,0,1
18.669363163696758,4,7.850937715289431,8.355692165002742,2,2
47.68922512117597,-20,6.045926438490886,7.199093835086931,2,1
46.6669624240916,0,7.119063390404144,7.197273614525752,2,2
29.425417218702222,26,7.825002777984927,7.6831045207661335,0,2
49.5833703076411,6,8.979815361645915,9.531747979846836,1,1
20.672375171187582,0,8.614933493608385,6.660507669647683,2,0
22.78805703592114,25,8.673596096452792,9.663147478919804,1,2
18.987924687677264,-27,6.562104720206699,8.268253295567211,0,0
47.333950694441135,-8,7.932268113614772,8.425271599224132,0,0
48.51016078412401,1,8.023641611345301,9.391013611933245,1,1
6.081047383293917,-14,0.15609888385204496,9.539090518750296,0,2
15.17607728506845,-13,1.1586561247077032,0.04724616268553472,1,1
16.13164286277457,-29,1.3084410458058562,0.07091828603166261,1,1
40.38304992050194,-26,6.433219653358623,0.13800537777865218,0,1
16.666396061954952,-29,2.3484391705351055,9.9400159660604,1,1
16.74146222355287,0,6.749396249711495,8.612142567926659,0,2
32.486715519608765,4,2.2879943812327963,9.590378876035802,2,1
48.54038429792035,12,0.5828150531584197,1.1062952494914826,1,1
22.303061750644517,8,8.612834961776684,9.502366897470477,0,1
46.02957427905322,-25,8.331510375408891,3.5186384143710723,1,0
41.85052848989386,6,6.729034401990265,8.191499876106205,2,2
16.804100319883226,18,2.644727638281038,8.848349292315598,0,2
19.053751898996367,-23,6.126494814383296,8.268253295567211,2,0
10.740193174319021,-14,7.538100340379283,9.672555006194148,0,1
17.64238937001124,8,8.725939096234747,7.790989816419453,2,1
14.179051944312354,-29,1.0331868093457808,0.5225048313827096,1,2
27.350394085451057,-6,9.00190141348022,9.42864639260631,2,0
23.8331965319517,9,9.481411916288108,1.807082732545423,0,2
22.303061750644517,8,8.936087334359627,6.708090547991233,2,1
38.61318371729166,-7,9.237578143288498,6.546113136322502,2,0
24.685507993580906,-14,9.155293239849074,8.429612247122304,0,0
22.303061750644517,8,6.485826213270833,8.262802633539033,0,1
49.5833703076411,-5,8.979815361645915,9.447426357141179,0,1
25.187129248468406,24,7.825002777984927,9.190886196338225,0,2
15.17607728506845,-28,8.031443399397242,0.18950408301758692,1,1
18.10576287941467,-28,0.48651712809677083,8.268253295567211,2,0
48.12597160466541,9,2.1428634962836313,0.07091828603166261,1,0
46.6669624240916,0,7.185997360932464,7.175982583558648,2,2
17.16142575002744,8,1.9291194106929375,9.669579419912743,2,1
49.00410312337776,18,2.129919861578397,8.690795847387356,1,0
47.22121867273162,-4,6.796208606917337,9.655599704184413,2,1
15.17607728506845,-15,2.291686147732309,0.04724616268553472,1,0
23.184291121252826,-30,2.1569479664778397,1.0245595747444285,1,1
11.299941395289258,-13,6.832869060032571,6.65023634253268,2,2
22.78805703592114,25,7.825002777984927,1.3355741865390245,1,2
19.073183367513746,-22,6.088385270422571,7.715350149336288,2,2
10.010526419166698,-30,2.758058424395321,9.9400159660604,1,1
10.522118338491744,9,7.940066376972277,9.680029636109477,1,1
24.637993574815326,10,9.46501915599019,0.07091828603166261,0,1
48.51016078412401,7,1.1518723915585056,8.834831320780676,1,1
14.179051944312354,-29,6.62418402625189,0.5225048313827096,1,2
19.321427426106162,-24,6.562104720206699,8.268253295567211,0,1
22.78805703592114,29,8.60666212324662,9.755574063248128,1,2
29.871615853987752,-14,8.599545690393839,7.273019461193206,2,1
13.582242110538274,5,7.75398123979362,9.267210427917794,0,2
49.66137875623596,0,6.22602493931431,6.603134061780603,1,2
24.685507993580906,-4,8.923084258228435,8.429612247122304,0,1
14.20934458999995,-13,0.750977343707272,9.853157713737787,1,2
38.20835962553015,0,7.538100340379283,9.623744062446626,0,1
39.5782549211134,-30,6.45012462202915,9.722449972300659,0,2
49.172826003060095,4,9.197164858905536,3.8004567407328755,1,1
5.811565873176204,-14,0.05412378922032568,9.599203376265002,0,2
23.439067766294013,26,7.816042727105096,3.8346748950113803,1,1
17.733046185112762,-28,2.2032134350098036,8.268253295567211,2,0
38.500030216913856,-14,7.074442175241543,6.586025155020298,2,2
17.22868662636443,-27,6.562104720206699,8.268253295567211,0,1
38.20835962553015,0,7.538100340379283,9.383340921059341,0,1
7.059885224968841,-5,7.940066376972277,9.641527053424955,0,1
21.5120807546031,26,9.308384031882829,9.436231468072698,1,2
24.637993574815326,11,9.46501915599019,0.9341062384122711,0,1
22.78805703592114,25,8.542785363886575,9.54406480477353,1,2
47.75568110241885,1,1.5839127484639648,0.1939114436139029,1,1
14.204871291427002,-29,2.1569479664778397,0.33432473216900416,1,1
48.51016078412401,7,1.1518723915585056,8.11287434055259,2,1
22.355054892224175,12,9.144044090583948,6.9618816796291245,0,1
24.685507993580906,-19,0.6848314603493018,8.814243585517106,0,0
15.17607728506845,-22,0.5701874652743133,0.07091828603166261,1,1
49.172826003060095,3,9.197164858905536,9.368493409554992,0,2
15.598635028648022,-29,6.70733250885922,9.916770290105223,1,1
30.763241197679413,0,2.0412457175255105,9.532077936528268,2,1
15.17607728506845,-13,1.1586561247077032,0.04724616268553472,1,0
46.02957427905322,6,8.539538950507291,9.267210427917794,1,0
19.032415340471843,4,6.130033010530404,7.253363791855056,2,2
49.86984863098434,5,7.0497938986082636,8.889317901599755,1,1
47.614663176441965,-3,8.979815361645915,9.447426357141179,0,1
14.179051944312354,-25,6.754994711463901,0.5225048313827096,1,2
49.47741514435662,15,8.961547172967924,9.390449484079173,1,1
16.640576714840304,-13,0.592148820562709,9.525655533643752,1,2
22.303061750644517,11,8.612834961776684,7.867306917202864,1,1
49.66137875623596,0,7.122795153137499,0.11552461225672328,2,2
14.179051944312354,-28,9.484494250839838,0.24996682073582477,1,2
48.0640387052917,-29,8.979815361645915,3.8004567407328755,1,1
45.28458733062372,11,8.472370722550703,9.267210427917794,1,0
38.09439172102371,0,6.7790479063207645,9.191251328885938,1,2
19.309748529105676,-27,6.566098523927148,0.10348451957409033,0,0
49.86984863098434,5,9.087459608781817,3.777742898664512,1,1
16.487881078086414,-29,8.66842334303484,8.971847540170284,1,2
49.84986447464787,0,6.657895397206018,1.18840345418231,2,1
15.15043801735834,-13,1.043603371411487,0.24811006442446748,1,1
48.4608187432955,0,8.023641611345301,9.633447003690677,1,1
8.941232189340612,-6,7.940066376972277,9.680029636109477,0,1
13.456283845522446,-2,7.574210377012866,8.355692165002742,2,2
22.78805703592114,25,7.77765185590168,0.13161011370037023,1,2
25.187129248468406,-3,8.961885892559554,9.190886196338225,0,2
39.68081257183927,26,7.538100340379283,4.100532410694406,0,1
21.31993993943235,-28,2.611181890388653,9.542889828282108,1,1
25.036920645476535,-14,9.211801243235548,9.620821049112335,1,0
12.233290670129879,-29,1.0331868093457808,0.5225048313827096,1,2
45.60312463839568,6,8.539538950507291,6.679477615583917,2,0
27.78566654627972,12,9.460726265017556,8.40886359543489,0,1
49.172826003060095,4,7.630234579124371,8.911713596168749,1,1
22.966572019794526,25,2.3532617444991906,9.944809182574218,1,1
13.762554242614092,-16,0.3145589170269738,6.485154019708867,1,2
14.204691212022464,-29,1.066519698533039,0.07438404251532142,1,2
13.449439577755111,-28,6.62418402625189,0.48734372780273216,1,2
49.172826003060095,4,9.952463056227504,9.368493409554992,0,2
37.21975051260814,4,7.009357468390084,9.533135074485314,0,1
22.252299611671837,11,9.512335781615732,9.438079996537834,0,1
49.62472803014442,23,7.842932245589157,9.447426357141179,0,1
22.164775716820426,-9,7.205127502842323,9.57400429233928,1,1
48.90320335178488,15,8.961547172967924,7.941759854912523,0,1
45.107200836091444,1,8.023641611345301,9.391013611933245,1,1
22.903996395427065,-2,7.574210377012866,8.393372001909743,2,2
25.56834750454538,-29,7.631358096776556,9.875515933477605,1,1
49.49458636159362,3,9.457595766567547,9.520855010097613,0,2
49.172826003060095,3,9.122744857965822,8.41946168211966,0,2
22.40951344924409,-9,7.205127502842323,9.704391100130108,1,1
38.09439172102371,0,8.531476140454865,9.191251328885938,1,2
49.97125448637903,-1,8.979799068496357,9.447174982348193,0,1
39.35327271421532,0,9.647680199117524,6.560815583964168,1,1
45.11201914770555,23,7.430228563697909,9.9930777390625,0,0
17.530825885425067,3,2.1569479664778397,9.542889828282108,0,1
49.47741514435662,15,0.06574843595594038,0.05912319694361923,1,1
22.78805703592114,21,8.673596096452792,9.663147478919804,1,2
47.637968068164454,10,9.196088626971129,4.558245531946955,1,1
48.3784377503123,6,1.1686444329342787,0.651933338130366,1,0
23.439067766294013,12,9.60083083355572,8.549638967608642,1,1
13.340344505158903,25,7.825002777984927,9.371961749785978,1,2
16.763971267675913,27,1.0538335721130536,9.254463562799565,0,2
13.035897708820432,-29,1.066519698533039,0.09879821780468512,1,2
24.685507993580906,-13,9.974286640506993,9.378643942053833,0,0
29.40740727139593,-13,1.1586561247077032,0.04724616268553472,1,1
45.5950760444008,6,6.787110712012381,9.267210427917794,1,0
29.751050301531315,-7,8.961902185709112,9.128908135519376,0,2
49.506033211117796,-22,6.832869060032571,3.689760673056293,2,2
49.76764038049032,11,8.472370722550703,9.67333271757583,1,1
37.21975051260814,-28,7.009357468390084,9.588034247740367,1,1
15.17607728506845,-29,9.745716416664816,9.659038151591066,1,1
14.179051944312354,-30,6.637243722114057,0.5225048313827096,1,2
26.042196991723632,12,9.466095387924561,0.055242368837396194,0,1
11.514149032367037,-29,7.889776097369901,9.447948798535736,1,2
27.78566654627972,26,7.47895893980236,3.6938313364653204,0,1
48.30068676074779,1,9.204549157383966,3.2375626574249785,1,1
49.172826003060095,-3,9.952463056227504,9.202450557662981,0,2
16.634667008163554,-29,9.745716416664816,9.659038151591066,1,1
49.62472803014442,23,6.830257731305805,9.20048050466348,0,1
22.62033993293961,12,9.466095387924561,0.055242368837396194,0,1
12.688947683750273,-2,7.624252322281723,8.355692165002742,2,2
49.48730207072017,-22,8.975655874889528,3.8914932985564685,0,1
44.92337306232317,11,7.052617172632575,9.533135074485314,0,1
14.250691732686253,-29,1.0337862512364115,0.5225048313827096,1,1
14.431367984046352,-28,8.531476140454865,9.191251328885938,1,2
46.02957427905322,6,8.539538950507291,9.853726020287352,1,1
49.18010582807748,2,8.937245580710728,9.738452835273396,0,2
24.501396613106348,25,8.70132425736705,9.663147478919804,1,2
40.738577762325455,0,9.536826354271476,6.487158881759205,2,2
49.13821492519899,11,8.464986423916276,9.973935932228542,1,1
27.486078747872728,2,8.961885892559554,9.356929048230235,0,2
15.207806338859848,-29,2.296120072847329,9.9400159660604,1,1
24.544780038321846,26,7.816042727105096,3.8346748950113803,1,1
36.50167465117004,2,7.791722420604034,9.452584110848191,1,2
26.20991409470516,25,7.2368406864898285,9.857256986144545,1,2
15.440574499606909,-13,1.1586561247077032,0.04724616268553472,1,1
49.59065459851454,3,9.73751349575624,9.478177140423696,1,2
46.02957427905322,6,7.980381907102678,9.267210427917794,1,0
16.59475627358105,-30,2.1569479664778397,9.542889828282108,1,2
37.86774845864072,0,1.066519698533039,0.07438404251532142,1,2
49.5833703076411,-5,8.979815361645915,9.447426357141179,0,0
49.470135319339036,24,9.22146645116273,9.36907154935102,1,1
22.92465399763012,12,9.906726565463021,0.07091828603166261,0,1
27.78566654627972,12,7.271068737135413,8.753724494258746,0,1
49.683429360230775,3,7.797668884564446,9.596871697653299,0,2
15.17607728506845,-13,9.658614738359987,0.024874872830224312,1,1
49.44564650260527,15,8.961547172967924,9.390449484079173,1,1
14.204691212022464,-29,1.066519698533039,1.3382087048656417,1,2
49.534287742495295,4,9.197164858905536,9.580312581895765,1,1
25.962311004877357,25,7.2368406864898285,9.996332069647378,1,2
25.187129248468406,25,8.649239153065924,9.204182697356911,1,2
49.5933434387427,1,7.708594997542381,9.267210427917794,1,0
38.76641026835237,0,8.556688703865511,6.603553805205234,2,2
47.523013500158484,-2,8.134405890241593,8.28121471846029,2,2
49.13821492519899,11,8.436524704350079,9.973935932228542,1,1
49.172826003060095,7,9.373946350317373,9.368493409554992,0,2
38.09439172102371,3,7.815403922593893,9.23018359204839,1,1
49.59065459851454,2,9.73751349575624,9.478177140423696,1,2
33.86820549508489,4,2.206759145864963,9.884011633609775,0,2
45.814986462051436,4,9.950166311582485,8.548895307048406,0,2
22.62033993293961,10,0.9013864017086721,0.04739277937279447,0,1
22.993674295756342,26,8.809832772474612,9.663147478919804,1,2
49.683429360230775,3,7.797668884564446,9.678762920680112,0,2
18.562899846174922,-30,9.745716416664816,3.863140756780561,1,1
12.371478352589786,-29,2.3484391705351055,9.857530350769258,1,1
22.78805703592114,29,7.545078729230124,9.649850973081646,0,2
44.86789037004172,-5,8.979815361645915,9.14485995093087,0,1
38.09439172102371,-1,6.80765649029016,9.191251328885938,1,2
18.288959386546203,24,9.237187841969336,9.44354825773618,1,1
49.172826003060095,0,9.971755436307948,9.521158305561839,0,2
17.509035478372816,-29,1.9649696389373923,9.531696611989576,1,1
49.85262772671692,25,6.806576229315942,9.447426357141179,0,2
14.179051944312354,-28,1.0331868093457808,0.5225048313827096,1,2
17.76581285375324,-30,6.959548918937233,9.542889828282108,1,1
49.49458636159362,3,9.459424601515003,9.520855010097613,0,2
49.683429360230775,3,7.797668884564446,9.401114890172773,1,2
49.30406205676866,3,9.728206447116188,9.368493409554992,0,1
24.501396613106348,25,8.70132425736705,9.514830190419275,1,2
49.172826003060095,4,9.952463056227504,9.537249358244848,0,1
24.999372353369374,-29,8.194640414818448,9.524364309402957,1,2
14.179051944312354,-13,1.0331868093457808,0.5756289843078581,1,2
13.456283845522446,-2,7.574210377012866,9.258718178730588,2,2
18.293836045195157,-2,4.1890781005419,9.9400159660604,1,2
38.09439172102371,0,8.181523437099601,9.191251328885938,1,1
49.58727815352315,21,9.978917971875532,9.447426357141179,0,2
47.78727936087734,7,8.209877585080621,9.130904326981844,1,0
49.53655399901342,10,9.48597111213416,9.973935932228542,1,1
26.94637115658048,0,6.858404837847033,6.549250051261454,2,2
22.78805703592114,11,9.508889304663981,9.826909297342223,0,2
18.288959386546203,-3,9.233168698970719,9.193864832604332,1,1
49.47741514435662,15,9.144643491399634,9.586206291559675,0,1
49.5833703076411,-5,8.979815361645915,9.892973684183227,0,2
49.172826003060095,4,9.197164858905536,3.8004567407328755,1,2
17.6967923734816,27,1.9671141525859581,9.19071828794232,0,1
15.17607728506845,-30,1.1586561247077032,0.009307230279291756,1,1
38.09439172102371,3,7.815403922593893,8.327157572564484,1,1
39.05061453141625,-28,6.8189351620839815,9.191251328885938,1,1
49.13821492519899,11,8.366957125422958,9.973935932228542,1,2
49.62810447513581,3,7.4931783333071955,9.478177140423696,1,1
10.281187274463992,-29,2.8802557287927835,9.552322688903027,1,1
49.27002621891274,5,8.408148769116735,9.520855010097613,0,2
38.06599251933357,25,7.211304908675366,9.865411336774006,1,2
22.62033993293961,26,8.630802029273031,0.3682082604229284,1,1
49.172826003060095,26,9.954447518918501,9.494253133800916,0,2
48.75500046044601,23,9.245318901934088,9.447538785200024,1,1
48.750942475642404,3,9.986400439183939,9.370124952370835,0,2
39.05061453141625,12,6.8189351620839815,9.191251328885938,1,1
49.172826003060095,3,9.952463056227504,9.202450557662981,0,2
49.59065459851454,3,9.73751349575624,8.282414634349044,1,2
38.026145671397096,15,8.961547172967924,9.390449484079173,1,1
18.28092123036926,23,6.739655084890129,9.596871697653299,1,2
49.27002621891274,4,8.371075293972543,9.520855010097613,1,2
48.1765659127667,11,8.436524704350079,9.94979611434717,1,1
24.501396613106348,25,8.416345278844437,9.227537568866829,1,2
49.65340751417489,6,9.952463056227504,9.368493409554992,0,2
17.56357608985672,-29,1.9773752319376343,9.531696611989576,1,2
49.5833703076411,26,8.98249687617448,9.445045376131077,1,1
14.606198822544641,-30,8.550674957465842,9.994945031775291,1,1
16.236890969740877,-3,9.28660351894652,9.370225584342734,1,1
24.02174033776264,25,9.480270101191486,9.667071136652437,1,2
49.58727815352315,21,9.215211752752678,9.966375976179155,0,2
22.62033993293961,-28,9.465735311845494,0.055242368837396194,0,1
49.893162046826674,-3,9.457595766567547,9.520855010097613,0,2
13.456283845522446,-2,7.574210377012866,9.785096106180276,2,2
49.77560353061113,0,7.904426444682572,9.194342260205694,1,2
49.254530143961965,4,9.20206438099951,9.44354825773618,0,1
49.64044332125632,3,9.224660686219305,3.8004567407328755,0,1
49.17299977245094,26,9.768355516368159,9.517028535004942,0,2
36.915839666843816,3,7.815403922593893,9.665793499153157,1,1
46.02957427905322,4,8.023641611345301,9.267210427917794,1,0
26.155373483273117,29,7.224445285557389,9.857256986144545,1,1
47.64571093701832,-7,9.388882245338449,9.407506785524864,0,1
49.240046562006114,19,1.5889235664400259,0.004554755241077402,1,1
15.4221631060981,-13,0.3691999056675972,0.22982920268130602,1,1
49.683429360230775,3,8.814021052473425,9.46050947707958,1,2
46.06335513300128,30,9.890584865281753,9.494253133800916,1,2
49.27002621891274,27,8.961515146659547,9.473416016657055,1,2
32.79112451646664,29,7.224445285557389,9.853896589231676,1,1
13.42977787650825,-7,1.1586561247077032,8.37767936644586,1,2
46.587149220023406,4,9.197164858905536,3.093792229841841,1,1
15.21996980328087,-30,1.1713720490842274,0.07686682972380332,1,1
39.05061453141625,-28,6.841031366616763,9.191251328885938,1,2
49.13821492519899,12,8.464986423916276,9.973935932228542,1,1
49.13821492519899,-2,9.153882415064224,9.973935932228542,1,1
49.254530143961965,25,9.20206438099951,9.44354825773618,0,1
49.35866725086837,21,9.161228898227229,9.966375976179155,0,2
49.77560353061113,0,7.904426444682572,9.196239951774857,1,2
49.710106168206885,3,9.197164858905536,9.455372946117597,0,2
49.47741514435662,15,8.961547172967924,9.97079640099927,1,1
48.89339023126362,24,9.22146645116273,8.907481996908853,1,1
46.02957427905322,5,7.986751334705309,9.267210427917794,0,0
22.78805703592114,4,8.24724682131451,9.663147478919804,1,2
37.40699441890832,15,8.961547172967924,8.92079016519313,1,1
16.301143336013915,-2,7.714677386697812,0.1937966093386132,2,1
28.125443476667225,27,8.70132425736705,9.663147478919804,1,2
17.465142960160396,-18,1.8845956324385238,9.672003032458502,1,1
48.71058243825162,-3,9.895172178896608,9.215788873577626,0,1
38.08124029607518,11,6.76124513263173,9.131248661280233,1,1
18.525706475029857,10,8.515810987909592,9.193864832604332,1,1
18.288959386546203,3,9.237187841969336,9.44354825773618,1,1
49.33092059938693,5,8.409435356158426,9.520855010097613,0,2
49.59065459851454,3,9.73751349575624,9.47627944885445,1,2
48.78195158036165,-5,8.979815361645915,9.447426357141179,0,1
12.679231288292431,-30,8.550674957465842,9.406063758852705,1,1
22.942826519953087,12,9.466095387924561,0.6374519313641702,0,1
49.77560353061113,0,7.904426444682572,7.406939841855467,1,2
49.46656398183941,21,9.055891489867246,8.610679856761312,1,1
38.53333289158163,-28,6.4587293583432075,9.19484153170675,1,1
15.718595306307938,-26,8.494511443869936,9.999944377078101,1,1
13.55103614971151,-2,8.961547172967924,9.390449484079173,1,1
49.76758500764452,4,7.196076106485355,9.521171123511985,1,2
46.3402531089698,-3,8.986701683431653,9.346585599022498,0,2
22.438031245632324,25,8.673596096452792,9.20263105656554,1,2
23.130397834056534,-30,1.1713720490842274,0.6437649919943622,1,2
39.06540108830771,9,6.8189351620839815,9.098402230373761,1,1
22.62178014900136,0,7.574210377012866,8.941385131379402,2,1
49.688437931858346,-30,0.6044102902084252,0.041650308621981935,1,1
18.525706475029857,10,8.463826276019773,9.193864832604332,1,1
38.026145671397096,25,9.070134547553776,9.390449484079173,1,1
49.13768865061111,3,7.974856199802491,9.368493409554992,0,2
41.83718369938387,5,7.986751334705309,8.791166718224392,0,0
49.25810148146159,4,9.203411865345888,9.44354825773618,0,1
49.58727815352315,21,9.258945462963855,9.95940121026208,0,2
49.13821492519899,8,8.471591793584444,9.97322370941401,1,1
49.99583440766429,14,9.233168698970719,9.193864832604332,1,1
24.778309649189744,29,7.224445285557389,9.856940590756341,1,1
49.272205559789754,6,8.4293683677035,8.715791246039823,0,2
14.466480080873282,4,8.178644886890192,9.17777287920851,1,1
18.263764499175675,-28,1.8190495060231777,9.513377600914215,1,1
13.45484363729107,13,9.466095387924561,0.021548267113800534,0,2
13.983863684627849,-5,9.254404236737226,9.881449734880421,0,1
49.13821492519899,9,8.979882973298826,9.973935932228542,1,1
24.501396613106348,15,8.84394493865008,9.990538077260839,1,2
49.172826003060095,4,9.197164858905536,3.696076913463929,1,1
49.77560353061113,25,7.904426444682572,9.166451101338877,1,2
13.456283845522446,-3,9.2208649739767,8.366029378187202,1,2
38.46619240983442,15,7.100443596794751,9.857312218722022,1,1
49.1728023855444,5,9.229187517311399,9.51834921568708,0,2
18.525706475029857,8,8.471413259772328,9.193896714067046,1,1
22.78805703592114,24,8.673596096452792,9.452345214442122,1,2
46.06335513300128,30,8.496307559599112,0.5027315089172621,1,2
48.744536669199306,-28,9.20527757890295,9.444939434460025,0,1
49.13821492519899,11,8.388401802435913,9.845151122076857,1,1
49.96958156204266,4,7.92604262992221,8.170366090238815,1,2
22.933004000001993,3,9.831570674348585,0.055242368837396194,0,1
14.868427672277758,-30,8.4947812534399,9.992773551566598,1,1
45.832972073212694,15,9.672687014909274,9.969024315150767,1,1
21.18172489766628,-30,1.9649696389373923,0.10802760856859095,1,1
49.58727815352315,21,9.19793732947841,9.958021739120856,1,2
49.172826003060095,4,9.185696127873426,4.12510751341078,1,1
18.288959386546203,-4,7.586513380602958,9.183527618971405,2,1
25.71532672258151,29,8.8648589865632,9.725861981890384,1,1
49.27004983642843,3,8.37612610917521,9.370999203965527,0,2
39.23187152847925,-26,6.863332887863351,9.191219447423224,1,1
49.5833703076411,-5,8.979815361645915,9.658228621618399,0,1
15.17607728506845,-30,1.8937000407443105,8.947255987701878,1,1
41.87882693882578,4,6.78876963520026,9.879977171144693,1,1
49.13821492519899,12,8.435660888187433,9.973935932228542,1,1
49.77560353061113,0,7.174459921245715,9.219705940766037,1,2
45.7135778116347,5,7.986751334705309,9.267210427917794,0,0
39.613380673493914,14,6.874828862401721,8.669913136246548,1,1
49.13821492519899,8,8.516919598331596,9.392293955191542,1,1
15.339834499113532,-26,1.1713720490842274,9.640036488962487,1,1
49.470135319339036,24,9.22157098304024,9.375695442143172,0,1
49.172826003060095,-3,9.960191681913274,8.87661251819706,0,2
49.12554754577743,5,9.781897848372136,9.267210427917794,1,2
49.13821492519899,11,8.675695035713222,9.263222391197468,1,1
23.198653036163797,29,8.80941879934051,9.725861981890384,1,1
49.172826003060095,-2,7.309564789176459,8.34212170291577,0,2
15.17607728506845,-2,1.8937000407443105,8.947255987701878,0,1
49.13821492519899,12,8.583773105064557,9.973935932228542,1,1
49.58277284125723,15,8.09551684193581,9.580259906912545,1,1
49.09355838980456,24,9.22146645116273,9.36907154935102,1,1
28.11127523573949,12,9.466095387924561,0.055242368837396194,1,1
15.21996980328087,-30,1.1713720490842274,8.65570333588803,1,1
49.27002621891274,5,8.408148769116735,9.977869246530664,0,2
49.172826003060095,-1,9.952463056227504,9.202450557662981,0,2
46.06335513300128,30,8.090587904334512,9.205247474214175,0,0
39.05061453141625,14,6.8189351620839815,9.99687056067933,1,1
49.254530143961965,-3,9.20206438099951,9.686625661573537,0,1
13.456283845522446,3,9.188522573034701,8.592314644386038,2,2
15.17607728506845,-29,1.1586561247077032,0.5151874688903035,1,1
49.5833703076411,-29,8.979815361645915,9.447426357141179,1,1
49.58727815352315,22,9.19793732947841,9.958021739120856,1,2
38.53333289158163,-23,6.508038606133232,9.19484153170675,1,1
49.48192045662254,21,9.181891864669494,9.966375976179155,0,2
37.77764140472879,15,9.628432519431383,8.209371411568112,1,1
18.33239508433425,-3,9.233168698970719,9.193864832604332,1,1
22.60907446479525,25,7.224445285557389,9.857256986144545,0,1
49.77560353061113,-1,7.174459921245715,0.7743321946244799,1,2
49.13821492519899,11,8.464986423916276,9.514451945053981,1,1
39.05061453141625,-29,6.684723215073329,9.191251328885938,1,1
47.448941787523346,-3,9.880493812851627,9.202450557662981,0,2
49.19962475304595,0,7.904426444682572,9.196239951774857,1,2
15.17607728506845,-29,1.1131755524357896,0.009307230279291756,1,1
22.609026402366474,25,7.554095942911086,9.797641582859518,0,1
22.966673760541603,29,7.111148463407308,9.725861981890384,2,1
49.58727815352315,14,8.97157089635101,9.966375976179155,1,1
48.533724652959044,3,2.2134851659794177,8.59650852183809,0,1
23.42431106387699,-6,1.1586561247077032,0.009166192287858255,1,1
49.470135319339036,-30,9.22146645116273,9.36907154935102,1,1
49.78156364173327,29,8.583773105064557,9.973935932228542,1,1
49.172826003060095,3,9.197164858905536,3.8004567407328755,1,1
49.136452654988396,-4,7.904426444682572,9.191430812177748,1,2
49.13821492519899,5,8.719895329541593,8.969546313928122,1,1
49.58920825774969,4,9.202242984484622,9.9079697045197,1,2
38.25480117888639,2,7.174459921245715,9.219902592169735,1,2
49.77832314189433,12,8.387655657037046,9.973935932228542,1,1
22.620387995368382,12,9.466095387924561,0.1269634812778384,0,1
13.902703665478136,2,7.574210377012866,8.40803857625535,1,2
49.47741514435662,15,9.17668662361774,9.390449484079173,0,2
49.13821492519899,5,7.7467793467181405,9.973935932228542,1,1
15.17607728506845,-29,8.898642714676667,8.971626847477435,1,2
49.5833703076411,-29,8.979815361645915,9.447426357141179,0,1
15.21996980328087,29,1.1182399436130954,0.07686682972380332,1,1
17.052817243670376,-3,9.44309014958329,9.193864832604332,1,1
24.54893928838368,12,7.224445285557389,9.688483212346657,1,1
39.31291319932794,-26,6.8189351620839815,9.196060468483049,1,1
22.78805703592114,28,8.452672077396102,9.637836067406445,1,2
47.84339518294333,21,9.197758725993298,9.493009721523846,0,1
49.82371088063952,-29,6.4587293583432075,8.971636405875815,1,1
49.13549274923308,-1,7.251790688063463,2.233177514471311,1,2
26.376238660147187,30,9.897882935953657,9.725861981890384,1,1
49.713886195496315,13,6.36473790799857,9.992985784966107,1,1
47.10998281581384,24,7.111442000582629,9.36907154935102,1,1
38.25480117888639,4,8.661018167399758,9.265569106645268,1,1
49.254573955941225,4,9.201966178570498,9.886359130069465,0,1
15.17607728506845,-30,1.2152744683146488,0.19183681268046726,1,1
46.35390931766607,-30,2.2631862446471587,9.978782549867713,1,1
49.13821492519899,12,8.518109514580779,9.973935932228542,1,1
26.773697505394466,27,8.956308725595143,9.735494462932929,1,1
26.206848454257166,29,0.9876708026683323,9.980210690710084,1,1
15.736149116563928,-3,9.99851691154608,9.044243506918212,1,2
49.73859423091085,27,8.583773105064557,9.488109453099888,1,1
49.5833703076411,-5,9.090833439256919,8.695800104495213,0,1
49.58727815352315,-27,9.20058739410645,9.958021739120856,1,1
39.07764501804107,24,9.890584865281753,9.179639305217936,1,1
49.470887913825116,0,7.916013024644422,7.946073715388929,1,2
49.172826003060095,4,9.197164858905536,0.18305780751091927,0,2
49.245071177395786,6,7.1891367875805585,9.0149593577291,1,2
49.58723434153269,21,9.215309955181691,9.435853657611238,0,2
22.78805703592114,25,8.673596096452792,9.621171378467544,1,2
17.730958861680797,11,8.608128033424851,9.165279096836775,1,1
47.40388927732619,11,8.416196082166552,9.973935932228542,1,1
48.22520662282771,19,8.870097433935982,9.380816999038835,1,1
15.168494843120332,-30,7.410362973860488,0.02871220842831601,1,1
48.44808397685345,2,9.193825958154314,9.202450557662981,0,1
49.13821492519899,8,8.583773105064557,9.989563178996644,1,1
47.14928454009511,29,7.111442000582629,9.99337789806744,1,1
49.470135319339036,17,9.860645756795575,9.36907154935102,1,1
39.05061453141625,20,7.7496625208617775,9.191251328885938,1,2
45.51904193572399,-29,6.4587293583432075,9.420798105176782,1,2
49.172826003060095,4,9.185578230292684,4.512626137925787,1,1
22.62033993293961,13,9.466095387924561,9.374914794344349,0,1
49.776057150306144,3,1.9665635438412763,9.368493409554992,0,2
38.53333289158163,-29,6.4587293583432075,8.961703547830423,1,1
25.71532672258151,29,8.8648589865632,9.798777225240022,1,1
20.86542538997302,12,8.99515989060057,9.477769072812883,0,1
49.470135319339036,24,6.762112437079127,9.840652091747813,1,1
48.07952575692405,4,7.5080438436861865,7.82671239035831,0,1
45.94381151331052,21,9.890584865281753,9.494253133800916,1,2
49.461182278623724,15,8.961547172967924,9.391809281680414,1,1
18.288959386546203,12,9.233168698970719,9.229747274053869,1,1
15.21996980328087,19,1.2155056635378423,0.07686682972380332,1,1
49.172826003060095,2,8.848080192816834,9.368493409554992,1,2
24.53782595923804,13,9.466095387924561,9.374914794344349,0,1
49.77560353061113,1,7.904426444682572,9.196239951774857,1,1
22.78805703592114,25,8.673596096452792,9.738701173061443,1,2
25.637338888488728,19,8.513652780207648,9.263222391197468,1,1
15.17607728506845,-30,1.8937000407443105,9.180393971578207,1,1
49.13821492519899,12,8.999555248666233,9.72419566029163,1,1
49.5833703076411,-5,9.450750858909794,0.15802362005365467,0,1
39.05061453141625,-28,9.187606581163514,9.188883673769357,1,1
15.17607728506845,-30,0.1800560895744252,0.009307230279291756,1,1
49.69764935440074,30,9.19793732947841,9.982247600087817,1,2
47.1261106054978,24,7.950435710963008,9.367711751749779,1,1
49.77832314189433,-7,8.387655657037046,9.933751488696238,1,1
49.58727815352315,-30,9.165890366292855,9.966375976179155,0,2
38.25480117888639,4,7.174459921245715,8.955722303887365,0,2
49.672433181924006,16,8.583773105064557,9.973935932228542,1,1
49.13821492519899,10,8.464986423916276,9.973935932228542,1,2
49.36584026533017,27,7.379544232530524,9.857256986144545,1,1
49.31058188364307,17,8.436524704350079,9.973935932228542,1,1
39.119340301351045,-28,6.8189351620839815,8.35528124926163,1,1
48.37348475642304,27,7.348704999254963,8.86542576313754,1,1
49.5833703076411,-8,9.002227862741425,9.447426357141179,0,1
49.58727815352315,11,8.418830760829076,9.966375976179155,1,2
49.399395697896466,15,8.80270066975363,9.37602391874502,1,1
15.21996980328087,-30,1.1713720490842274,1.1397417280090854,1,1
49.5382958941902,29,9.890584865281753,3.3858055023652933,1,2
38.02822578156246,28,7.174459921245715,9.856385862297685,1,2
12.241182414845733,-26,6.8189351620839815,9.191251328885938,1,1
46.919067980598975,24,7.111442000582629,9.372668324952787,1,1
49.674840047287596,9,8.602379230708314,9.973935932228542,1,1
49.172826003060095,5,9.381660319255099,9.368493409554992,0,2
48.62993074881257,4,9.211336259380627,9.419429367887075,0,1
15.17607728506845,-30,0.23930012176769366,0.43137677606436603,1,1
49.77560353061113,0,7.904426444682572,9.153075635822706,1,2
49.592377158213814,16,9.409706838661263,9.98567750094751,1,1
49.13821492519899,12,8.518109514580779,9.36423316516681,1,1
27.070058174696253,26,8.651183595357285,9.663147478919804,1,2
49.77832314189433,22,9.184036648473922,9.973935932228542,0,1
14.48684170496415,-27,1.870008250792103,9.961608849029135,1,1
49.47741514435662,15,9.847649696192805,9.390449484079173,1,1
46.11577573388133,5,9.197164858905536,9.845846173490193,1,1
26.381948874808856,-5,7.224445285557389,9.220747084769142,1,1
40.476597472789614,-30,1.1586561247077032,0.009307230279291756,1,1
49.58727815352315,21,9.19793732947841,9.735711236825393,1,2
40.908879948202795,17,8.359595586645518,9.976161932379627,1,1
39.241712720565275,-28,6.327452326481912,9.19484153170675,1,1
25.71532672258151,29,8.855587108182068,9.74998086781333,1,1
15.17607728506845,-30,1.4206166985858346,9.180393971578207,1,1
49.470135319339036,20,9.191111409263913,9.193171123636228,1,1
24.53782595923804,15,9.60989529445104,9.374914794344349,0,1
22.62033993293961,11,9.124471303899021,9.97914617502762,0,1
19.97508032245384,22,8.8648589865632,9.725861981890384,1,1
14.64243359257084,-30,1.3880771203036106,8.947255987701878,1,1
49.254530143961965,-29,1.5762140647690486,9.177837995495667,0,1
49.31058188364307,17,8.443069571623097,9.985618135080818,1,1
46.06335513300128,30,9.890584865281753,9.839855433894787,1,1
47.04507872534924,23,7.224445285557389,9.88345537603252,1,1
49.13893720426885,11,8.464986423916276,9.973935932228542,1,1
49.29500796306907,9,9.374251389250865,9.977918365670263,1,1
37.41233252805649,-30,6.406700256151965,9.38422238833866,1,1
49.25246591015099,17,8.333146071158904,9.40374459063085,1,1
24.430539020189332,23,9.46182271560302,9.210626813002236,0,1
49.672433181924006,18,8.39211483426495,9.973935932228542,1,1
15.21996980328087,-30,0.599238326521383,0.630462125378342,1,1
45.83309574768875,-3,8.983691336448045,9.559213992848239,0,1
49.77560353061113,-4,7.904426444682572,9.894792802145815,1,2
22.62033993293961,9,9.53866609260801,8.341709520715348,0,1
49.58727815352315,21,8.805282424829354,9.958021739120856,1,2
13.392813636654624,4,8.594838339807158,0.43211409511770604,1,1
49.592377158213814,16,9.403161926092729,9.97399529809476,1,1
49.67520802315181,12,9.795227969612743,9.489006346406041,1,2
28.043779597647852,4,9.197164858905536,3.6726720548494463,1,1
49.172103723990226,3,9.197164858905536,9.368493409554992,0,2
15.553559311490677,-30,1.8937000407443105,9.179626170593266,1,1
38.55975014828915,2,7.226489023436956,9.190509144345214,1,2
41.11281595205041,15,8.55953638533487,9.960184386489605,1,1
49.470135319339036,15,9.225739123484264,9.36907154935102,1,1
49.77832314189433,16,8.579313927836653,9.976203523653021,1,1
22.78805703592114,25,9.258696885223362,9.191332356079487,1,2
49.13821492519899,8,8.514233539778628,9.94451033664352,1,1
38.42782598667794,-27,6.8189351620839815,9.191251328885938,1,1
46.21180947498286,30,9.94748520057865,9.493624388555045,1,2
15.17607728506845,-30,8.600519910708929,0.009307230279291756,1,1
21.617927571509128,13,8.359595586645518,9.976161932379627,0,1
49.26411252491202,17,8.434763115675828,9.966082648495181,1,1
39.05061453141625,-25,6.8189351620839815,9.23483148550855,1,1
47.51890283225616,2,9.22550980648015,9.432347714337247,0,1
49.827835051377114,-10,9.484378601418044,9.719340401967807,0,1
49.13821492519899,11,7.822477929569216,9.19548943163721,1,1
49.32658413870342,7,9.264843077129623,2.970084221418328,1,2
49.52882251433375,17,9.22146645116273,9.36907154935102,1,1
49.305479356914525,21,8.382209101214345,9.973935932228542,1,1
48.0049948823076,-29,9.100829497649265,9.212820237661317,1,1
25.48133666036848,-29,1.597845675173909,9.93832298046177,1,1
49.13821492519899,9,8.583773105064557,9.973935932228542,1,1
49.437070891049736,21,9.137345591698415,9.958109307719917,1,2
49.672433181924006,16,1.7064685059449392,9.973935932228542,1,1
41.48819976767449,17,9.466095387924561,9.204945821004282,1,1
49.30022771670531,0,7.904426444682572,9.199424174530254,1,2
49.592377158213814,14,9.33501094820059,9.961882606427219,1,1
18.48681527612243,-28,1.8561552394093137,8.947255987701878,1,1
25.71532672258151,29,8.864442644653469,9.67710295251665,1,1
49.674840047287596,9,8.602379230708314,9.98994804723671,1,1
38.53333289158163,-28,6.4587293583432075,9.979406078205487,1,1
38.05723198313279,5,7.1067680944792535,9.219902592169735,1,1
49.46943577563053,15,8.961547172967924,9.494268800318007,1,1
49.14886202386029,12,8.67657201047814,9.973935932228542,1,1
14.872571189718313,4,2.4992977991492356,9.336067143471881,0,2
13.844026420764724,30,7.71767638611165,0.020107249265564064,1,2
22.635108464051818,12,9.466095387924561,9.374914794344349,0,1
47.526768000365216,12,8.645277328144006,9.973935932228542,1,1
48.220098956749844,2,8.796598892834721,9.367568970239558,1,1
25.716227559412424,29,8.8648589865632,9.725861981890384,1,1
39.05061453141625,24,6.738570816826022,9.191251328885938,1,1
38.53333289158163,-24,9.194598301999463,9.19484153170675,1,2
47.60874049889434,21,9.19793732947841,9.564139381990403,1,2
20.432213274729108,-29,1.8937000407443105,8.788361143514024,1,1
26.155373483273117,30,6.786752503678104,9.856945094127324,1,1
49.0673266504979,12,9.56312642284842,9.392486401053882,1,1
49.77832314189433,12,9.239363404726408,9.998334795630946,1,1
39.50867756681373,-29,6.970755106884411,1.7804214952484991,1,2
40.95885469741595,4,8.551313821452146,9.69092377812435,0,1
15.17607728506845,-30,1.4593555023037252,0.5209663007852117,1,1
49.672433181924006,16,8.549952487574087,9.983659869879682,1,2
47.24054563058732,20,9.11051303105967,9.433850293448709,0,1
49.271978365548655,-15,9.055550029447403,9.447426357141179,0,1
49.470135319339036,-28,9.130174790362299,8.117683228343164,1,1
46.72714545816167,-1,6.4143113451827585,9.368493409554992,0,1
24.5010256179121,25,8.673596096452792,9.955153035800366,1,2
49.31058188364307,17,8.837947901441998,9.97424196859707,1,1
46.06335513300128,27,9.890584865281753,9.494253133800916,1,2
24.458836031965546,13,8.364738304862074,9.953889470116897,0,1
49.172826003060095,0,8.919978977062394,3.8004567407328755,1,1
49.674840047287596,9,9.338337845908713,9.143630945063865,1,1
17.748738953296822,2,0.7253499721329688,9.151337227813002,1,1
49.91101535636335,17,9.219226431059129,9.968237913124428,1,1
15.17607728506845,-30,1.6543552792963279,8.947255987701878,1,1
49.5294755625479,0,7.938247062173006,9.196239951774857,1,1
25.76413279135661,29,7.224445285557389,9.513226219884881,1,1
49.931849602018914,-29,7.7299417152341015,9.188329749826872,0,2
26.106567414498016,29,8.8648589865632,9.853132683354525,1,1
49.0673266504979,14,9.701459000484881,9.392486401053882,1,1
49.172826003060095,3,9.564617210702657,9.368493409554992,0,2
46.233833215842076,30,8.349034595775603,9.4951951635496,1,2
39.05061453141625,26,6.8189351620839815,9.188643750960713,1,1
40.60523962159707,2,7.174459921245715,3.697567635459577,1,1
24.486725947724644,13,9.466095387924561,9.375036374419508,1,1
38.94769099465367,16,8.523867575425443,9.82934380632403,1,1
49.98248809447173,4,9.218388517866805,9.44354825773618,0,1
49.13821492519899,12,8.583773105064557,9.912184044824132,1,1
49.173491573405535,0,1.1713720490842274,0.16788727824184235,1,1
43.96725840374159,3,8.62045572668703,9.676804656614374,0,1
15.17607728506845,-29,1.8937000407443105,9.180393971578207,1,1
47.01102769820876,13,9.595391389595212,9.973935932228542,1,1
26.115900052521752,30,8.8648589865632,9.725861981890384,1,1
49.13911546538165,11,8.471732784208715,9.973965506251286,1,2
49.47741514435662,12,8.732055637497401,9.161651341701859,1,1
49.31058188364307,23,9.179154835892152,9.973935932228542,1,1
40.73840172375712,20,9.706111547537514,9.973469465912421,1,1
21.722927174930195,-29,8.673596096452792,9.9104556547351,1,2
49.19064674944336,4,9.197164858905536,9.318804095146913,1,2
49.28802085183516,24,9.22146645116273,9.36894996927586,0,1
49.18652610469304,-28,6.518634847275159,9.213128214441143,1,1
49.77832314189433,13,8.371331519118682,9.769616693459724,1,1
15.17607728506845,-30,1.1586561247077032,0.08581469956091059,1,1
12.95892313945157,-30,8.33416570956535,9.235931969208838,1,2
49.234317443610344,-16,9.112165074670433,9.46154547864559,0,1
49.5833703076411,-8,8.979815361645915,9.78316315299187,0,1
12.220836364129337,-30,1.8937000407443105,8.947255987701878,1,1
25.754800153332873,29,7.224445285557389,9.857256986144545,1,1
49.58637761294619,21,9.191190969087513,9.95799216509809,1,1
45.23703353208722,25,8.673596096452792,9.655048716243927,1,2
14.851269688603054,7,1.8988268874660799,8.592751463565872,1,1
38.25480117888639,18,8.327764612738378,9.950363388169563,1,2
49.82391467705947,29,8.8648589865632,9.445160745724172,0,1
39.05061453141625,-29,6.345419573201638,8.629021133111824,1,1
49.67728358012913,9,9.162016453115625,9.973195783415523,1,1
15.17607728506845,0,8.349014052097955,0.009307230279291756,1,1
49.71850792392539,27,9.448317388978875,0.80744893017487,1,1
49.172826003060095,4,9.189725513889751,3.7809502111876343,1,1
23.405317565841667,13,9.257445787593213,9.374914794344349,1,1
49.172416679015626,3,8.244293857084305,9.938285900082144,0,2
38.27481290978711,-30,1.8937000407443105,9.904808049017532,1,1
49.917561518854825,15,8.391724633959308,9.41496744505698,1,1
49.62584600903814,4,8.86727902117066,9.708099990277006,0,1
23.61117889553494,30,9.890584865281753,9.502351896476778,1,2
49.0673266504979,-26,9.648847054368385,9.392486401053882,1,1
40.908879948202795,1,7.206290895142256,9.973828403012307,1,1
25.74614181588781,-15,9.055550029447403,9.728127593114761,1,1
28.53697428186043,29,8.32294812232149,9.857256986144545,1,1
49.32407643099345,11,8.583773105064557,9.989902942619347,1,1
47.62380845207223,21,8.875497855121726,9.608254814349225,1,1
49.5833703076411,-24,1.7403700705962684,9.447426357141179,0,1
13.717482380833093,-30,0.921449085599555,8.742127181527612,1,1
49.31058188364307,18,8.443964049214458,9.973935932228542,1,1
49.672433181924006,16,8.614266482996404,9.973935932228542,0,1
49.13862424924345,11,9.8586024533505,9.401743384573598,1,1
15.434606745008521,-28,6.4587293583432075,8.941967602496778,1,1
49.47741514435662,12,8.957478196045455,9.947156076049618,1,1
40.504180308923296,4,9.20206438099951,9.426372045452469,0,1
49.470135319339036,28,9.22146645116273,9.366324011638987,1,2
49.172826003060095,4,9.036779591007933,3.8004567407328755,1,1
27.108903621377824,13,9.466095387924561,9.232433902223233,0,1
15.687997559956026,17,2.1883852413402383,9.568688650669506,1,1
49.46741405930369,15,8.499328713115561,9.402433163358625,1,1
28.513858207620697,29,8.299545342112022,9.725861981890384,1,1
39.05061453141625,1,6.8189351620839815,9.192702243717509,1,2
48.66961628438859,10,9.105832676468722,0.291035564736029,1,1
49.0673266504979,12,9.188256703003415,9.392486401053882,1,1
46.67007264652409,-16,9.055550029447403,9.663597338137969,0,1
49.706674443238136,26,7.224445285557389,9.37379875779583,1,1
23.405317565841667,13,9.854792218712687,9.374914794344349,1,1
49.254530143961965,4,9.201411590746233,9.971358513030724,1,1
16.057499988798536,-30,1.8937000407443105,8.947255987701878,1,1
38.7804750740038,-28,6.527077983514079,9.409079470075296,1,1
49.31058188364307,-29,8.337258758981688,9.143626675820856,1,1
49.682434266975235,16,8.961547172967924,9.959584262870212,1,1
40.908879948202795,17,8.924909231095848,9.574910379436002,1,1
40.82661575251341,-25,7.2042485312873685,8.775644294057756,1,1
14.588026012611017,-28,1.1713720490842274,9.416289285796962,1,1
49.5527746850575,3,9.572034578685155,9.368493409554992,0,2
48.48292566651682,0,7.678333244980419,9.18334202377295,1,2
24.74394284139076,-23,9.909458045395757,9.935882439926065,1,1
15.17607728506845,-30,1.0305629196732236,0.0007496353304414227,1,1
49.67728358012913,9,9.162669243368903,9.443520459686184,0,1
28.471876323295255,29,8.32294812232149,9.970087924834994,1,1
49.32581302910194,30,9.333083554307626,9.494253133800916,1,2
46.42935017280979,-14,9.057256762942222,9.902164601279924,1,1
49.7828359819165,-24,9.646647673468609,9.973935932228542,1,1
25.376849566057203,23,8.86315225306838,9.447426357141179,0,1
49.13748417887978,11,8.585967471377145,9.501017591506479,1,1
48.33562627664981,2,1.1249957560486656,8.943513819966846,1,1
49.65769969456853,17,8.014954450443577,9.969122951447591,0,2
49.682434266975235,16,8.961547172967924,9.957411962918359,1,1
49.4646497068099,29,8.32294812232149,9.88027470260539,1,1
12.667956750442873,-28,1.1713720490842274,9.498640815339332,1,2
40.908879948202795,17,8.359595586645518,9.170100415362292,1,1
36.55173549240864,18,8.961547172967924,9.171711991569378,1,1
24.53782595923804,13,9.550266360371856,9.374914794344349,0,1
49.93135670029872,15,8.391724633959308,9.41496744505698,1,1
41.08916565980684,30,9.890584865281753,9.495063642828951,1,2
49.271978365548655,-15,9.055550029447403,9.447426357141179,1,1
13.483735441701125,12,8.583773105064557,9.966054803857869,1,1
25.71532672258151,29,8.662309412470284,9.725861981890384,1,2
49.97238449460583,16,8.583773105064557,9.973935932228542,1,1
15.17607728506845,-30,1.1586561247077032,9.351510476374056,1,1
15.800041626206223,-29,9.894618296176596,9.967198972558949,1,1
49.13821492519899,11,8.466496552386724,9.370629213560504,1,1
49.13748417887978,11,8.585967471377145,9.94512711920408,1,1
28.042579559074056,13,9.20206438099951,9.420514610427633,0,1
23.61117889553494,30,9.982856282239423,9.420000366934406,1,1
49.793990306123575,0,7.904426444682572,9.985948808577039,1,2
49.90209647189025,-28,6.8189351620839815,9.191251328885938,1,1
25.127603165547956,14,9.257445787593213,9.374914794344349,1,1
49.663478213204975,14,9.162016453115625,9.973195783415523,1,1
45.883069394386155,17,9.592933004676805,9.574099870407965,1,1
15.21996980328087,-30,1.595745374861274,0.07686682972380332,0,1
47.1558614325824,-29,3.023543875609257,8.882229900747092,1,1
22.78805703592114,19,8.876145670545709,9.602412357253705,1,1
38.53333289158163,-27,6.4587293583432075,9.19484153170675,1,1
26.155373483273117,29,7.224445285557389,0.5925865054435473,1,1
22.799192289082736,25,9.868981128110319,9.504781549020999,1,2
49.37817326174426,12,8.583773105064557,9.3346846149259,1,1
15.17607728506845,29,6.7731897581928235,8.947255987701878,1,1
49.98120596205038,0,8.048368784110103,9.985948808577039,1,2
15.588024950270228,5,1.1713720490842274,0.6898404653675809,1,1
49.917561518854825,15,8.459943057553996,9.385701282287798,1,1
49.254530143961965,4,9.159203408868365,9.973825187950762,1,1
49.271978365548655,-11,9.055550029447403,9.447426357141179,0,1
38.53333289158163,-28,6.4587293583432075,9.19962972733685,1,1
14.588026012611017,-26,1.1713720490842274,9.416289285796962,1,1
49.92876890715089,16,9.462901542105591,9.959584262870212,1,1
49.47741514435662,5,8.652120118658083,9.388086051075364,1,1
28.56367754997003,29,8.32294812232149,9.859182994681394,1,1
40.908879948202795,17,9.878605264565623,9.999535669151932,1,1
10.903681914622492,29,8.32294812232149,0.3023879474849922,1,1
23.60004364237334,30,8.659851374047257,9.890898434988564,1,2
30.84156160668453,-29,3.0844114355013623,9.9330202807597,1,1
49.13748417887978,11,8.573486140747299,9.501017591506479,1,1
49.254530143961965,-30,9.20206438099951,9.39480829099258,0,1
49.8337144170518,11,8.39676800032159,9.989553311278858,1,1
49.67728358012913,9,9.162016453115625,9.973373248764185,1,1
48.16216303796916,2,9.197164858905536,9.585113282317211,0,2
23.405317565841667,15,9.257445787593213,9.187019412310633,1,1
24.53782595923804,16,9.466095387924561,9.374914794344349,0,1
40.3258755855189,17,8.923202661593157,9.574910379436002,1,1
39.05061453141625,-27,7.606378998470114,9.193614761889746,1,1
49.4597114494959,0,7.904426444682572,9.196239951774857,1,2
46.06335513300128,30,8.368707309057111,9.494253133800916,1,2
49.993357102658265,-30,1.1586561247077032,9.659491388296003,1,1
23.61117889553494,30,9.86417241588217,9.502351896476778,1,2
