V0,V1,V2,V3,V4
0.1397090474292547,0.09953367875647667,0.12075727381426864,0.1540425531914893,0.15404255319148935
0.08111996811478678,0.04959346353128735,0.0884734954165006,0.10155339805825236,0.10155339805825243
0.08146245059288539,0.04470355731225295,0.0832411067193676,0.08558044806517306,0.08558044806517312
0.08783007578779418,0.06138412445153574,0.09355404866374153,0.10198757763975153,0.10198757763975155
0.09434607645875252,0.07442655935613685,0.1000804828973843,0.04098765432098761,0.040987654320987665
0.11306930693069309,0.10415841584158414,0.11108910891089109,0.10723404255319147,0.1072340425531915
0.09607636068237206,0.07869212022745742,0.1026157595450853,0.07829959514170037,0.0782995951417004
0.092279792746114,0.08387006775607808,0.11159027500996413,0.09090163934426232,0.09090163934426229
0.10040435458786938,0.0802643856920684,0.09986003110419907,0.13097308488612835,0.13097308488612835
0.10967239312824612,0.09421094686376352,0.10453855373551738,0.13485148514851486,0.13485148514851486
0.12007861635220127,0.11944968553459123,0.11937106918238993,0.15167701863354033,0.15167701863354038
0.11115323854660349,0.09266982622432862,0.10151658767772512,0.11496717724288841,0.11496717724288841
0.1311881188118812,0.09316831683168314,0.13564356435643565,0.13910112359550564,0.13910112359550564
0.09255489021956088,0.06800399201596807,0.09544910179640718,0.11154013015184383,0.11154013015184382
0.13371610845295057,0.08602870813397123,0.14025518341307813,0.11390519187358916,0.11390519187358916
0.10849938499384995,0.10476834768347687,0.1162689626896269,0.10667992047713715,0.10667992047713717
0.09191835116924298,0.06310344827586212,0.0911850971066191,0.105593220338983,0.10559322033898305
0.10698854337152211,0.08260229132569563,0.09561374795417349,0.08785009861932935,0.08785009861932938
0.08521298174442192,0.04849898580121703,0.08328600405679512,0.06722222222222218,0.06722222222222221
0.11823434991974319,0.11967897271268058,0.12208667736757625,0.08813186813186813,0.08813186813186813
0.0882787208843269,0.05207658902487167,0.08379786814054482,0.1366666666666666,0.13666666666666666
0.11040816326530614,0.09857142857142864,0.10816326530612246,0.11215686274509806,0.11215686274509803
0.09636579572446557,0.07720506730007914,0.10083927157561362,0.10023952095808386,0.10023952095808383
0.08626794258373206,0.03913875598086125,0.0728708133971292,0.09572815533980583,0.09572815533980583
0.13087131908027433,0.11239612747075434,0.11673255344897136,0.14015968063872253,0.14015968063872256
0.11072580645161292,0.1014516129032258,0.11072580645161291,0.1026086956521739,0.10260869565217391
0.1340049648324369,0.09453454695904007,0.13146048820852296,0.13741071428571427,0.13741071428571427
0.0978846153846154,0.0748878205128205,0.09700320512820514,0.1430769230769231,0.14307692307692307
0.13822121337185309,0.07854312835328103,0.14323565827486587,0.13035856573705173,0.1303585657370518
0.10616177636796195,0.0840364789849326,0.09787470261697066,0.10938053097345135,0.10938053097345132
0.09888533759488614,0.0714382740711147,0.09255293647622853,0.08815415821501016,0.08815415821501013
0.09181234963913393,0.06831595829991988,0.09650360866078589,0.11837398373983732,0.1183739837398374
0.13957236842105264,0.08060855263157896,0.13981907894736842,0.16537815126050415,0.1653781512605042
0.10270365997638727,0.08463990554899647,0.1019362455726092,0.13827956989247314,0.13827956989247311
0.12183673469387757,0.11122448979591837,0.10938775510204082,0.12526315789473685,0.12526315789473685
0.10240556660039762,0.09862823061630221,0.11622266401590457,0.06713375796178345,0.06713375796178345
0.09383195916764822,0.07212014134275624,0.09828818217510797,0.13404612159329132,0.1340461215932914
0.13117274167987322,0.09836767036450078,0.130459587955626,0.12425531914893617,0.12425531914893617
0.1166338259441708,0.10949096880131359,0.11285714285714286,0.1427799227799228,0.1427799227799228
0.12307308970099669,0.11327242524916936,0.12365448504983388,0.1437113402061856,0.14371134020618556
0.09004870129870131,0.053685064935064974,0.08363636363636365,0.10501026694045168,0.10501026694045175
0.08958598726114651,0.07414012738853504,0.10455414012738853,0.051643002028397555,0.051643002028397555
0.12044679122664502,0.1174411047928513,0.12211210398050365,0.1274074074074074,0.1274074074074074
0.14027250206440958,0.07445912469033855,0.14526837324525185,0.15041749502982105,0.15041749502982107
0.08072140294938224,0.057963332004782764,0.09724192905540056,0.11721627408993573,0.11721627408993576
0.10093465674110837,0.09216708023159637,0.11123242349048801,0.048740157480314905,0.04874015748031496
0.09602848101265823,0.0627215189873418,0.08669303797468356,0.0837316561844863,0.08373165618448639
0.1272544184134813,0.10892314015618576,0.12382244143033293,0.14421052631578946,0.14421052631578946
0.07728213290887387,0.045964982093115836,0.08868284918424194,0.07771543086172339,0.07771543086172344
0.09985318107667211,0.06486133768352365,0.08500815660685154,0.09423935091277891,0.09423935091277891
0.10293413173652696,0.09874251497005992,0.11580838323353293,0.1159660297239915,0.1159660297239915
0.09076502732240438,0.05103044496487119,0.08026541764246684,0.10429752066115705,0.10429752066115702
0.08838351822503963,0.055657686212361335,0.08727416798732171,0.09499999999999997,0.095
0.10415311384371283,0.08753272510908372,0.10337961126537089,0.10911290322580647,0.10911290322580645
0.1167147435897436,0.1077403846153846,0.11102564102564103,0.1192248062015504,0.11922480620155039
0.10966210780370074,0.09502011263073207,0.10535800482703138,0.14660550458715593,0.14660550458715596
0.10701431492842536,0.0892229038854806,0.10220858895705522,0.12258449304174945,0.12258449304174951
0.09301491334139461,0.07572349858927852,0.10270858524788391,0.062436974789915944,0.06243697478991597
0.09554043234587671,0.0758446757405925,0.10030424339471578,0.09780040733197548,0.09780040733197556
0.09442096708655019,0.07455099553027222,0.10013002844372207,0.11130434782608689,0.11130434782608696
0.09254941508672854,0.06306171843485275,0.09051230334812424,0.08878727634194827,0.0887872763419483
0.10147502903600465,0.0876538908246226,0.10617886178861789,0.09032967032967032,0.09032967032967032
0.0869266770670827,0.037550702028081195,0.07062402496099843,0.1324236252545825,0.13242362525458248
0.09644135188866801,0.07994035785288267,0.10349900596421471,0.11979959919839678,0.11979959919839679
0.09033626901521218,0.06583666933546839,0.09550040032025621,0.09617260787992488,0.09617260787992496
0.10016646366220058,0.09663418595209095,0.11646772228989039,0.10679245283018868,0.10679245283018868
0.08928429423459246,0.058866799204771336,0.08958250497017892,0.12751445086705204,0.12751445086705204
0.0793450479233227,0.04196485623003199,0.08261980830670926,0.08497890295358645,0.08497890295358651
0.09060946271050523,0.05428227746591818,0.083672814755413,0.11344262295081964,0.11344262295081968
0.07832328106151992,0.02392038600723767,0.06559710494571774,0.08486486486486489,0.08486486486486486
0.09908366533864543,0.07637450199203188,0.09729083665338646,0.09250996015936253,0.09250996015936255
0.1171729261246389,0.11688402806438303,0.11971110193974412,0.10396624472573834,0.1039662447257384
0.09390869042851423,0.05854625550660797,0.08463756507809372,0.09195121951219509,0.09195121951219512
0.10375897845171589,0.09561851556264966,0.11185953711093376,0.08184210526315783,0.08184210526315788
0.07307512650836903,0.04423121837290778,0.09115609186453874,0.08870897155361046,0.08870897155361052
0.1010344827586207,0.0895669607056937,0.10853247794707298,0.09891440501043836,0.09891440501043841
0.08545307443365698,0.05923948220064723,0.09378640776699029,0.11361702127659568,0.11361702127659574
0.08578519121236779,0.0588527257933279,0.09306753458096012,0.04170542635658914,0.04170542635658914
0.09681946119823082,0.07377965420184962,0.09696019300361881,0.08498855835240271,0.08498855835240274
0.08958762886597939,0.04154639175257735,0.07195876288659794,0.08888454011741675,0.08888454011741684
0.08979655712050079,0.05247261345852894,0.08267605633802816,0.09935034802784215,0.09935034802784223
0.10497845671758717,0.0859028593811203,0.1009244026635331,0.13371681415929204,0.13371681415929204
0.09371541501976285,0.06960474308300402,0.0958893280632411,0.11979959919839678,0.11979959919839679
0.09825293879205514,0.08475476286988248,0.10650182407782732,0.10818565400843883,0.10818565400843883
0.10648273124255658,0.08063914251687176,0.0941564112743152,0.055341365461847314,0.0553413654618474
0.08543677702433189,0.06138412445153574,0.09594734742720383,0.09174348697394785,0.09174348697394791
0.09035742035742036,0.07264180264180264,0.10228438228438229,0.10486140724946691,0.10486140724946695
0.1125101214574899,0.09226720647773279,0.09975708502024291,0.08199095022624436,0.08199095022624434
0.0864639091646391,0.05467153284671533,0.08820762368207624,0.06466019417475721,0.0646601941747573
0.09514239218877137,0.06861676159479257,0.09347436940602116,0.1365120593692022,0.13651205936920224
0.10288590604026847,0.08918673509672326,0.1063008290564548,0.11402697495183045,0.11402697495183045
0.10871753246753248,0.10198051948051945,0.11326298701298701,0.08399999999999996,0.08399999999999999
0.1061364537881793,0.1073661245537485,0.12122967076556922,0.09308533916849016,0.09308533916849016
0.08012514220705348,0.048156996587030765,0.08803185437997724,0.0918487394957983,0.09184873949579833
0.10083807973962572,0.08651749389747765,0.10567941415785191,0.11894736842105258,0.11894736842105263
0.08887550200803214,0.04911646586345386,0.08024096385542168,0.11173228346456687,0.11173228346456693
0.10475682087781733,0.08969157769869518,0.10493475682087781,0.09447698744769872,0.09447698744769875
0.09489795918367348,0.0646938775510204,0.08979591836734693,0.11648033126293988,0.11648033126293995
0.09525252525252527,0.07565656565656564,0.1004040404040404,0.15186372745490984,0.15186372745490984
0.10093583980384145,0.06648549243972213,0.08554965263588066,0.05137254901960786,0.05137254901960783
0.10111831442463534,0.06740680713128044,0.08628849270664507,0.07341365461847382,0.0734136546184739
0.10070489844683395,0.09357626443647948,0.11287136598964556,0.0955186721991701,0.09551867219917012
0.0812871287128713,0.052178217821782225,0.09089108910891089,0.0960504201680672,0.09605042016806722
0.09507886435331231,0.059432176656151414,0.08435331230283913,0.07399999999999995,0.07400000000000001
0.09986698911729143,0.08539701733172111,0.10553002821442967,0.07596707818930037,0.0759670781893004
0.08138243402914534,0.04156360771957468,0.08018117369042929,0.08041666666666669,0.08041666666666666
0.09577487765089723,0.07995106035889077,0.10417618270799348,0.10408644400785849,0.10408644400785855
0.08262907069102464,0.04362986497220023,0.08100079428117554,0.11555125725338489,0.11555125725338491
0.08505636070853463,0.05904991948470206,0.09399355877616747,0.11278752436647166,0.11278752436647174
0.08330403515781064,0.044670395525369555,0.08136636036755893,0.08409736308316429,0.08409736308316429
0.08728091728091729,0.0468222768222768,0.07954135954135955,0.09751004016064257,0.09751004016064257
0.08974057559789218,0.05962302391568708,0.0898824483177949,0.08756238003838768,0.0875623800383877
0.10696624644164296,0.10082553883692558,0.11385929239528264,0.09221095334685592,0.09221095334685597
0.09982456140350879,0.0666507177033493,0.0868261562998405,0.0939130434782608,0.09391304347826088
0.0946794871794872,0.06927884615384616,0.09459935897435898,0.1175409836065574,0.11754098360655738
0.06979879275653925,0.022112676056338043,0.07231388329979879,0.0955020080321285,0.09550200803212852
0.09357723577235774,0.06308943089430896,0.08951219512195122,0.10737864077669901,0.10737864077669904
0.09067988668555242,0.06927154997976526,0.09859166329421287,0.11583333333333334,0.11583333333333333
0.09101042502004812,0.06190056134723343,0.09089013632718523,0.09727272727272729,0.09727272727272727
0.08165644171779142,0.04995910020449901,0.08830265848670757,0.09475915221579956,0.09475915221579961
0.07588706447737285,0.036519823788546235,0.08063275931117342,0.09060998151571165,0.09060998151571165
0.091484375,0.06218750000000006,0.090703125,0.06804928131416832,0.06804928131416838
0.07286624203821657,0.03433121019108287,0.08146496815286625,0.08785009861932935,0.08785009861932938
0.08319717203456403,0.049261586802827995,0.08606441476826396,0.10699360341151387,0.10699360341151386
0.08940056703118673,0.04440259214256781,0.07500202511138113,0.13468253968253963,0.13468253968253968
0.09360549717057398,0.049304769603880416,0.07569927243330637,0.03563126252505011,0.03563126252505011
0.09056451612903227,0.05185483870967744,0.08129032258064517,0.07943775100401607,0.07943775100401607
0.09836558254425691,0.07938657883902844,0.10102099629477151,0.11059080962800871,0.11059080962800875
0.09919303797468355,0.08052215189873424,0.10132911392405064,0.11525691699604745,0.11525691699604743
0.09146803472770325,0.06242304656669295,0.09095501183898974,0.10235294117647054,0.10235294117647059
0.07886998784933172,0.041567436208991504,0.08269744835965978,0.08653386454183265,0.08653386454183268
0.10358395989974939,0.0891311612364244,0.10554720133667503,0.06473197781885398,0.06473197781885398
0.08774383078730906,0.05221699960830395,0.0844731688209949,0.08354378818737274,0.08354378818737271
0.09301555644196252,0.07055843637814119,0.0975428799361787,0.06937238493723852,0.06937238493723849
0.07779580530273052,0.047997625643054986,0.0902018203403245,0.08354775828460037,0.0835477582846004
0.092129519268971,0.05228049264998014,0.08015097338100913,0.087237687366167,0.08723768736616702
0.08085578446909668,0.03901743264659274,0.07816164817749605,0.10598130841121489,0.10598130841121496
0.10113402061855671,0.08402061855670107,0.10288659793814434,0.0652611218568665,0.06526112185686653
0.08405023547880693,0.043547880690737895,0.07949764521193092,0.09815126050420164,0.09815126050420168
0.10187250996015937,0.08195219123505981,0.1000796812749004,0.10607594936708853,0.10607594936708861
0.08344605475040259,0.06146537842190014,0.09801932367149759,0.06848484848484848,0.06848484848484848
0.09462509865824784,0.06992107340173637,0.09529597474348855,0.04278481012658231,0.04278481012658228
0.11435418359057678,0.09900081234768487,0.10464662875710805,0.07407725321888414,0.07407725321888411
0.09160000000000001,0.052000000000000046,0.0804,0.10501026694045168,0.10501026694045175
0.0822596153846154,0.047243589743589776,0.08498397435897437,0.06482758620689655,0.06482758620689655
0.09963252541047694,0.07531665363565287,0.09568412822517591,0.1009523809523809,0.10095238095238096
0.08170674024438314,0.03980685849428456,0.07810011824990146,0.051999999999999935,0.05199999999999999
0.08219129753038025,0.054006272050176385,0.09181497451979617,0.09649402390438244,0.09649402390438247
0.10085106382978724,0.08955810147299514,0.10870703764320785,0.1093617021276595,0.10936170212765958
0.08676436107854632,0.0757835091832747,0.10901914810472842,0.07390946502057616,0.07390946502057613
0.08516606642657064,0.052312925170068025,0.0871468587434974,0.07052631578947366,0.07052631578947369
0.08326530612244899,0.05139717425431711,0.08813186813186813,0.09974683544303797,0.09974683544303797
0.0797444089456869,0.03597444089456869,0.07623003194888178,0.06210526315789466,0.06210526315789475
0.08968190854870776,0.0608548707753479,0.09117296222664015,0.08012526096033401,0.08012526096033404
0.09831252517116393,0.07587998389045514,0.09756745871929118,0.07686653771760155,0.07686653771760155
0.08127760252365931,0.03537854889589909,0.07410094637223974,0.053333333333333344,0.053333333333333344
0.07598968663228879,0.028825862752875908,0.07283617612058707,0.05425414364640879,0.05425414364640885
0.07615141955835963,0.04326498422712932,0.08711356466876971,0.10554216867469879,0.1055421686746988
0.09474849094567406,0.058329979879275684,0.08358148893360162,0.09927565392354121,0.09927565392354125
0.07938123752495012,0.030079840319361284,0.07069860279441118,0.07294117647058818,0.07294117647058823
0.10235533822330889,0.07440097799511003,0.09204563977180114,0.07633270321361052,0.07633270321361058
0.09408585055643881,0.06689984101748814,0.0928139904610493,0.05527131782945738,0.05527131782945738
0.09825827022718216,0.08108011159824635,0.10282184137106418,0.06725050916496944,0.06725050916496944
0.08755005889281509,0.04267373380447592,0.07512367491166078,0.04079646017699112,0.04079646017699115
0.08276510604241698,0.03990796318527412,0.07714285714285715,0.07236220472440946,0.07236220472440946
0.08838417147568015,0.048235779060181394,0.07985160758450124,0.08153846153846156,0.08153846153846153
0.10950617283950619,0.08563786008230456,0.09613168724279836,0.052644628099173474,0.05264462809917356
0.08124497991967873,0.04309236947791162,0.08184738955823292,0.07714285714285707,0.07714285714285715
0.07015540015540017,0.02291375291375297,0.07275835275835277,0.08892177589852002,0.08892177589852007
0.0879719703215169,0.044938169826875485,0.07696619950535863,0.08530612244897962,0.08530612244897959
0.08350293542074365,0.05277886497064577,0.08927592954990216,0.10599999999999998,0.106
0.07525069088037901,0.031547572048953865,0.0762968811685748,0.07953878406708592,0.07953878406708595
0.08843971631205674,0.05250591016548467,0.0840661938534279,0.0818556701030928,0.08185567010309278
0.07298797050834305,0.02902211874272409,0.07603414823438107,0.08707566462167682,0.0870756646216769
0.07506838294448916,0.04393403057119871,0.08886564762670957,0.09124463519313297,0.09124463519313306
0.08758675078864354,0.03813880126182967,0.07055205047318613,0.10911290322580647,0.10911290322580645
0.0946742671009772,0.07822475570032572,0.10355048859934854,0.06791666666666663,0.06791666666666668
0.08066398390342054,0.051488933601609665,0.09082494969818913,0.07940594059405937,0.0794059405940594
0.0920110847189232,0.05226444972288202,0.08025336500395883,0.03873727087576373,0.03873727087576376
0.08463414634146342,0.04479674796747968,0.08016260162601627,0.08486486486486489,0.08486486486486486
0.07350531705395827,0.03408034659314696,0.08057502953918866,0.09321063394683027,0.09321063394683027
0.09851622874806802,0.07332302936630608,0.09480680061823801,0.08580086580086577,0.0858008658008658
0.08765637371338085,0.05543151227236742,0.08777513855898655,0.06496124031007744,0.06496124031007752
0.10586601307189544,0.08004901960784316,0.09418300653594772,0.12063424947145873,0.12063424947145877
0.07851485148514853,0.027227722772277252,0.06871287128712872,0.07714285714285707,0.07714285714285715
0.0778125,0.041874999999999996,0.08406250000000001,0.07650224215246637,0.07650224215246637
0.07307140007977664,0.040642201834862446,0.08757080175508575,0.09372708757637471,0.09372708757637474
0.07710382513661203,0.02292740046838404,0.06582357533177205,0.07623678646934462,0.07623678646934462
0.0857303370786517,0.04327447833065812,0.07754414125200643,0.048740157480314905,0.04874015748031496
0.09261427425821973,0.06149959903769042,0.08888532477947073,0.05064516129032259,0.05064516129032259
0.08057884231536927,0.04445109780439127,0.08387225548902197,0.07344827586206892,0.07344827586206898
0.08236494597839136,0.03990796318527412,0.07754301720688275,0.08036960985626285,0.08036960985626285
0.08486810551558754,0.04338129496402876,0.07851318944844124,0.07200845665961941,0.07200845665961944
0.07455445544554457,0.0327722772277228,0.07821782178217823,0.09633262260127928,0.09633262260127932
0.09249901146698301,0.04659153815737449,0.07409252669039146,0.044489795918367325,0.04448979591836735
0.10588709677419356,0.07967741935483874,0.09379032258064515,0.06090909090909091,0.06090909090909091
0.08271422877640495,0.04680350737345562,0.08408927859705062,0.09029288702928873,0.0902928870292887
0.08554321966693101,0.05033306899286283,0.08478984932593181,0.08055776892430278,0.0805577689243028
0.08480339244410179,0.04756360832690831,0.08276021588280646,0.06959349593495934,0.06959349593495934
0.0803228377839777,0.039629334396173777,0.0793064966121961,0.08391752577319589,0.08391752577319589
0.09091735863977858,0.06557137208382757,0.09465401344404903,0.09746170678336974,0.09746170678336981
0.10013809910641756,0.07787977254264822,0.0977416734362307,0.04109227871939736,0.04109227871939736
0.08069991954947708,0.04111826226870474,0.08041834271922768,0.06978540772532182,0.06978540772532188
0.09238689547581905,0.05198127925117002,0.07959438377535102,0.09041036717062634,0.09041036717062634
0.09273462783171522,0.06530744336569583,0.09257281553398058,0.09201735357917573,0.0920173535791757
0.0800549882168107,0.050832678711704604,0.09077769049489395,0.08344537815126052,0.08344537815126052
0.07955165692007798,0.039980506822612116,0.08042884990253413,0.0741666666666666,0.07416666666666666
0.07381558028616854,0.04066772655007955,0.08685214626391097,0.09854251012145743,0.0985425101214575
0.07015785319652725,0.02374901341752167,0.07359116022099449,0.07975609756097557,0.0797560975609756
0.08936758893280633,0.07039525691699611,0.10102766798418973,0.048865979381443325,0.0488659793814433
0.08424012764260073,0.05579976067012371,0.09155963302752293,0.09673956262425443,0.09673956262425447
0.08300745650372826,0.03304888152444074,0.0700414250207125,0.06362934362934358,0.06362934362934364
0.08009900990099011,0.035544554455445576,0.07544554455445546,0.045147347740667976,0.045147347740667976
0.09960000000000001,0.06600000000000006,0.0864,0.07924369747899151,0.0792436974789916
0.08871227364185112,0.041830985915492946,0.07311871227364186,0.05232323232323233,0.05232323232323233
0.09432646592709985,0.06318541996830429,0.08885895404120445,0.11613034623217922,0.11613034623217923
0.06453125000000001,0.026640624999999973,0.08210937500000001,0.08326530612244898,0.08326530612244898
0.06933411672542109,0.013047395221308267,0.0637132784958872,0.04599580712788254,0.04599580712788259
0.0790909090909091,0.04392344497607659,0.08483253588516745,0.05367556468172485,0.05367556468172485
0.08509069857197994,0.04576225395600153,0.08067155538402163,0.053702882483370296,0.053702882483370296
0.09716297786720324,0.0567203219315896,0.07955734406438633,0.04799999999999993,0.048000000000000015
0.0824116260801257,0.036300078554595494,0.07388845247446976,0.06917355371900824,0.06917355371900827
0.08548183254344394,0.037377567140600365,0.0718957345971564,0.06722222222222218,0.06722222222222221
0.07016103059581322,0.02966183574879233,0.07950080515297905,0.05844580777096109,0.058445807770961145
0.0844996059889677,0.045019700551615416,0.08052009456264775,0.07828343313373254,0.07828343313373254
0.08516103692065988,0.035121759622937954,0.06996072270227807,0.06031936127744508,0.06031936127744511
0.09816326530612246,0.05816326530612248,0.07999999999999999,0.08424474187380493,0.08424474187380498
0.0795556429414078,0.032092017302398745,0.07253637436099095,0.08354775828460037,0.0835477582846004
0.08888667992047715,0.04773359840954272,0.07884691848906561,0.0275313807531381,0.027531380753138074
0.08137724550898205,0.053632734530938087,0.0922554890219561,0.055589941972920665,0.05558994197292069
0.07996015936254981,0.03772908366533867,0.07776892430278884,0.07745140388768901,0.07745140388768898
0.08491053677932407,0.034214711729622316,0.06930417495029823,0.0900787401574803,0.09007874015748032
0.086466826538769,0.04298161470823347,0.07651478816946444,0.11378757515030058,0.11378757515030061
0.07551806272330291,0.035383088527193296,0.07986502580389043,0.11171974522292993,0.11171974522292993
0.08430848943802313,0.024483858110801116,0.06017536867277801,0.07860655737704914,0.07860655737704919
0.0964588329336531,0.07055955235811351,0.09410071942446044,0.06042553191489364,0.06042553191489361
0.07677966101694916,0.03190476190476188,0.07512510088781274,0.054355828220858826,0.05435582822085891
0.08632818846466289,0.06975629569455732,0.1034281072298944,0.056734693877551035,0.056734693877551035
0.09400970088924819,0.05698464025869043,0.0829749393694422,0.07714285714285707,0.07714285714285715
0.08064336775218428,0.03290706910246233,0.07226370135027799,0.07050505050505051,0.07050505050505051
0.070726392251816,0.038361581920904,0.08763518966908798,0.07510204081632654,0.07510204081632654
0.07393013100436682,0.030619293370385048,0.07668916236601825,0.07375494071146238,0.07375494071146246
0.08033925686591277,0.04746365105008077,0.08712439418416801,0.07429141716566867,0.07429141716566867
0.07879741727199356,0.036343825665859586,0.07754640839386603,0.08450381679389307,0.08450381679389313
0.0873895084675754,0.058517141676992956,0.09112763320941761,0.06482758620689655,0.06482758620689655
0.090252664824319,0.04812870114488754,0.0778760363205685,0.04386363636363633,0.043863636363636355
0.08373671300081767,0.048004905968928924,0.0842681929681112,0.06615384615384612,0.06615384615384615
0.08943319838056682,0.05178137651821868,0.08234817813765183,0.057349397590361395,0.05734939759036145
0.08152182461659459,0.037990562327959165,0.07646873771136453,0.10865096359743043,0.10865096359743041
0.08935483870967743,0.04741935483870974,0.07806451612903226,0.06067085953878404,0.06067085953878407
0.07817512592018598,0.036369624176675774,0.07819449825648975,0.0652380952380952,0.06523809523809523
0.08547049441786285,0.04033492822966511,0.07486443381180224,0.07115303983228505,0.0711530398322851
0.06634391321815991,0.019698674166331864,0.07335476094817195,0.09401574803149604,0.09401574803149607
0.08492842535787322,0.0724539877300614,0.10752556237218815,0.04524271844660188,0.04524271844660194
0.07846681922196798,0.043073989321128936,0.08460717009916094,0.053333333333333344,0.053333333333333344
0.09336371168185585,0.05293289146644575,0.07956917978458988,0.08578449905482044,0.08578449905482041
0.06884508164078058,0.021891676622859402,0.07304659498207886,0.09878787878787876,0.09878787878787879
0.08171813143309582,0.04632620744259697,0.08460807600950118,0.0678260869565217,0.06782608695652173
0.06758797943851326,0.011795175958877024,0.06420719652036377,0.07156249999999997,0.0715625
0.07564547966837742,0.02444137386498224,0.06879589419660481,0.0820689655172413,0.08206896551724138
0.07007993605115909,0.017402078337330207,0.06732214228617106,0.10037383177570092,0.10037383177570093
0.08140246324990069,0.03162097735399283,0.07021851410409216,0.10223552894211574,0.10223552894211577
0.07007686395080709,0.017117601844734875,0.06704073789392775,0.07977011494252872,0.07977011494252872
0.08025641025641027,0.03107226107226113,0.07081585081585082,0.024573804573804536,0.024573804573804564
0.06510763209393347,0.01403131115459888,0.06892367906066535,0.09525987525987523,0.09525987525987525
0.08901548233425964,0.04967447399761815,0.08065899166335846,0.07282258064516123,0.07282258064516128
0.08297530380243043,0.048910231281850236,0.08593492747941983,0.08721991701244813,0.08721991701244813
0.08673212882953654,0.051225451688923784,0.08449332285938727,0.08172344689378752,0.08172344689378758
0.07121046466224132,0.02556423272159314,0.07435376805935182,0.04441113490364024,0.044411134903640265
0.07737704918032788,0.04049180327868851,0.08311475409836067,0.0429166666666666,0.04291666666666666
0.08062801932367152,0.03771336553945248,0.077085346215781,0.06928716904276988,0.06928716904276985
0.0839571768437748,0.04557494052339417,0.08161776367961934,0.05763837638376379,0.057638376383763845
0.0796853289742542,0.0354270535349408,0.07574172456068656,0.020399201596806416,0.020399201596806388
0.07056360708534623,0.025233494363929188,0.07466988727858292,0.07507246376811594,0.07507246376811594
0.07280000000000002,0.03200000000000003,0.07919999999999999,0.05471074380165286,0.05471074380165289
0.07677290836653387,0.03573705179282871,0.07896414342629482,0.10749999999999993,0.1075
0.09624900872323554,0.05390166534496432,0.0776526566217288,0.08680761099365752,0.0868076109936575
0.08420590582601757,0.03456504389465287,0.07035913806863528,0.10090349075975358,0.10090349075975359
0.062086330935251816,0.01860111910471629,0.07651478816946444,0.08561264822134385,0.08561264822134387
0.09529435647584249,0.06131140885099473,0.08601705237515225,0.0765815324165029,0.07658153241650295
0.06490573606097073,0.005258724428399586,0.060352988367428806,0.0849193548387096,0.08491935483870969
0.0751008303677343,0.03551996836694349,0.08041913799920916,0.0779881656804734,0.07798816568047337
0.07551500405515005,0.04007299270072995,0.0845579886455799,0.09843137254901957,0.09843137254901961
0.09062852538275586,0.04477840451248993,0.07414987912973409,0.09148594377510033,0.09148594377510041
0.07211745904914105,0.03707950459448661,0.08496204554534559,0.09552742616033749,0.09552742616033755
0.0912288302481292,0.04589602205592758,0.07466719180779835,0.11215686274509806,0.11215686274509803
0.07386869871043378,0.0370965220789371,0.08322782336850332,0.09021276595744676,0.09021276595744682
0.078623417721519,0.024351265822784796,0.06572784810126583,0.06355179704016911,0.06355179704016914
0.07771616905777434,0.05014734393175646,0.09243117487398217,0.07537190082644629,0.07537190082644629
0.07883868410622276,0.0401149425287356,0.08127625842251288,0.06693877551020411,0.06693877551020408
0.07118577075098816,0.024150197628458492,0.07296442687747035,0.10735177865612644,0.10735177865612648
0.083991280221958,0.04843836702338489,0.08444708680142687,0.036666666666666625,0.03666666666666668
0.07523500191058465,0.031176920137562125,0.07594191822697746,0.09746170678336974,0.09746170678336981
0.0975189167662286,0.059326961369972175,0.08180804460374352,0.06250474383301707,0.06250474383301707
0.08840680587780357,0.034887857695282354,0.06648105181747874,0.12149892933618844,0.12149892933618844
0.07440597954366641,0.01822974036191971,0.06382376081825333,0.08046511627906971,0.08046511627906977
0.08124260355029587,0.03646942800788955,0.07522682445759368,0.053659491193737696,0.05365949119373778
0.07159362549800798,0.021394422310756944,0.069800796812749,0.09418655097613882,0.09418655097613882
0.07733590733590735,0.022895752895752963,0.06555984555984556,0.07322896281800384,0.07322896281800392
0.09203659506762134,0.04326968973747014,0.07123309466984884,0.07447761194029845,0.0744776119402985
0.07565286624203822,0.03472929936305735,0.07907643312101911,0.07199999999999995,0.07200000000000001
0.07666666666666667,0.041764705882352926,0.08509803921568629,0.0740856031128404,0.07408560311284046
0.075859375,0.025859375000000018,0.07,0.0546938775510204,0.0546938775510204
0.06326506498621506,0.012418274911382476,0.06915320992516738,0.08707566462167682,0.0870756646216769
0.07850202429149798,0.036801619433198374,0.0782995951417004,0.020766283524904172,0.020766283524904228
0.08290322580645162,0.02645161290322584,0.06354838709677418,0.07356454720616568,0.0735645472061657
0.087940466613033,0.05117457763475464,0.08323411102172165,0.04213438735177866,0.04213438735177866
0.0718987341772152,0.030680379746835462,0.07878164556962025,0.07200845665961941,0.07200845665961944
0.06651022864019256,0.011275571600481316,0.0647653429602888,0.0651242829827916,0.06512428298279158
0.08209228321400161,0.033723150357995224,0.07163086714399364,0.08159844054580889,0.08159844054580898
0.0883838383838384,0.048181818181818215,0.07979797979797981,0.07272727272727275,0.07272727272727272
0.07588235294117648,0.039979716024340806,0.08409736308316429,0.09268993839835726,0.09268993839835729
0.07688420214882612,0.054321528054118606,0.09743732590529249,0.05002207505518763,0.05002207505518763
0.07997283663174234,0.03988746604578974,0.07991462941404734,0.07111111111111112,0.07111111111111112
0.0828680919725696,0.0328075837031061,0.06993949173053651,0.0632203389830508,0.06322033898305085
0.07737011679420058,0.018691099476439765,0.06132098268223923,0.08817325800376641,0.08817325800376649
0.06458917835671343,0.021102204408817604,0.07651302605210422,0.07768500948766599,0.07768500948766605
0.06048760991207036,0.01660271782573941,0.07611510791366907,0.06274193548387097,0.06274193548387097
0.07141414141414143,0.030404040404040433,0.078989898989899,0.04765531062124251,0.04765531062124248
0.08350469196246431,0.04641778865769075,0.08291309669522645,0.10842105263157897,0.10842105263157895
0.07099403578528828,0.01910536779324057,0.06811133200795227,0.10399999999999998,0.104
0.07023847376788554,0.022384737678855293,0.07214626391096979,0.04617187499999997,0.046171875
0.08325109430959014,0.05233187425387986,0.0890807799442897,0.03616161616161617,0.03616161616161617
0.06471544715447156,0.011056910569105738,0.06634146341463415,0.07555555555555549,0.07555555555555557
0.08138732959101845,0.038644747393745016,0.07725741780272655,0.07624999999999993,0.07625000000000001
0.08215941439609599,0.047551850345669,0.08539243594957299,0.08597938144329897,0.08597938144329897
0.07694006309148266,0.017634069400630947,0.06069400630914826,0.0698985801217038,0.06989858012170386
0.07044158972300282,0.033147330389401874,0.08270574066639905,0.07028790786948169,0.07028790786948177
0.08596973317403427,0.059326961369972175,0.09335722819593786,0.0934177215189873,0.09341772151898733
0.07617670054730259,0.043260359655981295,0.08708365910867866,0.04765957446808511,0.04765957446808511
0.08401792991035047,0.029983700081499642,0.06596577017114916,0.09209302325581392,0.09209302325581395
0.08785714285714287,0.050555555555555576,0.08269841269841269,0.06374999999999997,0.06375
0.07229430379746837,0.028702531645569684,0.07640822784810128,0.056190476190476124,0.05619047619047618
0.09108458114123838,0.038110076891946565,0.06702549575070821,0.054355828220858826,0.05435582822085891
0.0744811320754717,0.03297169811320755,0.07849056603773585,0.08234817813765183,0.08234817813765183
0.07802348336594914,0.030469667318982374,0.07244618395303326,0.09751004016064257,0.09751004016064257
0.07642347343378272,0.042799365582870785,0.08637589214908803,0.10653846153846147,0.10653846153846154
0.0786973632428178,0.03977567886658795,0.08107831562377016,0.07125858123569795,0.07125858123569795
0.0776682316118936,0.028215962441314524,0.07054773082942098,0.08526315789473682,0.08526315789473685
0.08408395449195764,0.06089839152608867,0.09681443703413103,0.043284823284823304,0.043284823284823276
0.07268987341772153,0.021977848101265796,0.0692879746835443,0.0678260869565217,0.06782608695652173
0.07810157194679566,0.04065699314792426,0.08255542120112858,0.08041666666666669,0.08041666666666666
0.0699603017070266,0.036574037316395414,0.0866137356093688,0.06795321637426899,0.06795321637426902
0.08739824421388669,0.056512370311253,0.08911412609736633,0.06631147540983606,0.06631147540983606
0.08140776699029127,0.04305825242718453,0.08165048543689321,0.08199999999999996,0.08199999999999999
0.07457719162141196,0.031442979053529885,0.07686578743211792,0.09295081967213115,0.09295081967213115
0.08376518218623483,0.047732793522267225,0.0839676113360324,0.06294234592445325,0.06294234592445327
0.06590643274853802,0.001384015594541932,0.0554775828460039,0.054355828220858826,0.05435582822085891
0.08669988043045039,0.05278198485452368,0.08608210442407332,0.05647798742138366,0.05647798742138366
0.08104906262465099,0.019501396090945367,0.05845233346629439,0.04921810699588469,0.049218106995884775
0.070489396411093,0.02570962479608485,0.07522022838499184,0.10571428571428565,0.10571428571428572
0.07648931882305524,0.04146311970979444,0.08497380088673923,0.07351562499999997,0.073515625
0.06873916469661152,0.025713159968479116,0.0769739952718676,0.08399999999999996,0.08399999999999999
0.08152182461659459,0.04231616201337007,0.08079433739677547,0.0634782608695652,0.0634782608695652
0.07819153146022953,0.042061733280569835,0.08387020182034033,0.0829032258064516,0.08290322580645162
0.08512469831053904,0.05680611423974258,0.09168141592920354,0.06055118110236213,0.06055118110236221
0.06614007162753682,0.02567051333068049,0.07953044170314366,0.03604696673189822,0.03604696673189825
0.060806904857486965,0.007053392211963105,0.06624648735447611,0.11006342494714583,0.11006342494714588
0.07862137465236393,0.024072308303536016,0.06545093365117202,0.08372745490981959,0.08372745490981964
0.08023048928427012,0.03182773958754548,0.07159725030327538,0.05883495145631068,0.05883495145631068
0.0748956661316212,0.046484751203852315,0.09158908507223115,0.050612244897959124,0.05061224489795918
0.08956345998383186,0.03798706548100239,0.06842360549717058,0.0411920529801324,0.041192052980132454
0.07267927501970056,0.024925137903861305,0.07224586288416077,0.05567134268537066,0.055671342685370745
0.06951573849878936,0.014955609362389044,0.06543987086359968,0.10367346938775512,0.10367346938775511
0.08590275009964131,0.05039059386209643,0.08448784376245516,0.07686274509803914,0.07686274509803923
0.07963375796178346,0.04627388535031851,0.08664012738853502,0.054080717488789176,0.05408071748878923
0.094031007751938,0.05720930232558141,0.08317829457364342,0.0429166666666666,0.04291666666666666
0.08304347826086958,0.04938808373590986,0.08634460547504025,0.11883268482490272,0.11883268482490272
0.05492063492063494,-0.0022222222222222365,0.06285714285714286,0.1103846153846153,0.11038461538461539
0.08337325349301399,0.042055888223552884,0.07868263473053894,0.05910386965376779,0.05910386965376782
0.07826052422557586,0.03965845909451948,0.08139793486894362,0.07854616895874256,0.07854616895874264
0.07219560878243514,0.02568862275449102,0.07349301397205588,0.09673956262425443,0.09673956262425447
0.07548054011119938,0.03211278792692618,0.07663224781572678,0.07381355932203382,0.0738135593220339
0.06605314576006253,0.017557639703009054,0.07150449394294647,0.0779881656804734,0.07798816568047337
0.06363384737050219,0.030379596678529075,0.08674574930802689,0.057349397590361395,0.05734939759036145
0.07688575899843507,0.03330203442879498,0.07641627543035995,0.0442677824267782,0.04426778242677826
0.07640000000000001,0.0484,0.092,0.07249042145593865,0.0724904214559387
0.07417310664605875,0.03545595054095829,0.08128284389489954,0.03877729257641915,0.03877729257641921
0.08489361702127661,0.042261623325453135,0.0773680063041765,0.04157676348547712,0.041576763485477175
0.06976689976689977,0.022136752136752147,0.07236985236985238,0.0849193548387096,0.08491935483870969
0.08559784857261069,0.046996276375672386,0.08139842780306164,0.06901960784313721,0.06901960784313727
0.07098231827111985,0.021669941060903697,0.07068762278978388,0.04765151515151511,0.04765151515151514
0.07110323089046494,0.041473601260835324,0.09037037037037038,0.040083682008368204,0.040083682008368204
0.08292673571154585,0.022972765630993486,0.06004602991944763,0.09012987012987006,0.09012987012987014
0.07919811320754719,0.04908805031446539,0.08988993710691823,0.07341365461847382,0.0734136546184739
0.08666666666666668,0.03947040498442367,0.07280373831775702,0.0843724696356275,0.08437246963562753
0.0781385979049154,0.04074939564867042,0.08261079774375504,0.06439834024896263,0.06439834024896265
0.07647198105761643,0.03164167324388323,0.07516969218626676,0.10075313807531383,0.1007531380753138
0.0677900552486188,0.02690607734806627,0.07911602209944751,0.08921529175050302,0.08921529175050302
0.0782828282828283,0.025555555555555554,0.06727272727272726,0.08247544204322199,0.08247544204322199
0.07869042851421708,0.0369203043652383,0.07822987585102123,0.10008130081300814,0.10008130081300813
0.06996092223524815,0.014431418522860562,0.06447049628761234,0.08509635974304064,0.0850963597430407
0.06692726565538702,0.028848697005056434,0.0819214313496694,0.09726358148893355,0.0972635814889336
0.09432213678672603,0.07655605018211253,0.10223391339538648,0.08409736308316429,0.08409736308316429
0.08528842275110933,0.047732956837434504,0.08244453408632513,0.06188911704312117,0.06188911704312114
0.07144230769230771,0.014791666666666647,0.06334935897435898,0.10047808764940236,0.10047808764940239
0.07838809431774257,0.044255894858909905,0.08586780054116738,0.061784989858012174,0.061784989858012174
0.06617263843648209,0.023257328990228032,0.07708469055374592,0.06231536926147707,0.062315369261477044
0.08137254901960786,0.035882352941176476,0.07450980392156864,0.06948453608247418,0.06948453608247424
0.08824405960531616,0.048493757551349215,0.08024969794603304,0.0505785123966942,0.050578512396694225
0.07379241516966069,0.04325349301397208,0.08946107784431137,0.09499999999999997,0.095
0.0736050156739812,0.020783699059561123,0.06717868338557995,0.06968684759916488,0.06968684759916494
0.061808346213292134,0.016522411128284453,0.07471406491499227,0.0780375782881002,0.0780375782881002
0.07619967793880839,0.0256360708534622,0.06943639291465378,0.0780375782881002,0.0780375782881002
0.06412238325281805,0.005909822866344672,0.06178743961352656,0.06980237154150193,0.06980237154150198
0.08562876657292086,0.04822418642024906,0.08259541984732824,0.03970649895178191,0.039706498951781966
0.06628180039138945,0.01363992172211348,0.06735812133072408,0.05265306122448976,0.05265306122448979
0.07950413223140497,0.019586776859504162,0.060082644628099174,0.07661080074487892,0.07661080074487897
0.0835514018691589,0.03557632398753896,0.07202492211838007,0.08382113821138204,0.08382113821138212
0.059389594428512923,0.02337976239246209,0.0839901679639492,0.11230769230769233,0.1123076923076923
0.07676935549250102,0.03286988244831779,0.07610052695581679,0.05653846153846154,0.05653846153846154
0.05567990373044526,0.0012474929803449886,0.06556758924989972,0.09499999999999997,0.095
0.08559485530546625,0.044919614147910014,0.07932475884244372,0.06168336673346686,0.06168336673346694
0.07560000000000001,0.04159999999999997,0.086,0.052989690721649496,0.052989690721649496
0.07626262626262627,0.03080808080808084,0.07454545454545455,0.09499999999999997,0.095
0.050567599527000406,-0.0027631060307449218,0.06666929444225464,0.0782375478927203,0.0782375478927203
0.087538213998391,0.025430410297666906,0.057892196299275944,0.08037735849056604,0.08037735849056604
0.0885820023373588,0.04093883911180363,0.07235683677444488,0.05725910064239825,0.05725910064239828
0.07677634155895027,0.03850763807285551,0.0817312965139052,0.07714285714285707,0.07714285714285715
0.07830039525691701,0.03403162055335973,0.07573122529644269,0.05877551020408156,0.058775510204081644
0.0738772213247173,0.037770597738287615,0.08389337641357028,0.059285714285714275,0.059285714285714275
0.08527494908350307,0.04515274949083503,0.07987780040733197,0.07050505050505051,0.07050505050505051
0.067456279809221,0.014435612082670968,0.06697933227344993,0.06810126582278475,0.0681012658227848
0.07616411464468002,0.020294464075382823,0.06413034943070278,0.08503067484662574,0.08503067484662577
0.06888504421376394,0.015866974240676734,0.06698193002691272,0.08930693069306928,0.0893069306930693
0.07362405416168859,0.022688172043010768,0.06906411788132219,0.02527383367139957,0.025273833671399598
0.0730425963488844,0.02740365111561871,0.07436105476673427,0.047368421052631504,0.04736842105263159
0.07768636539204327,0.023186558516801847,0.0655001931247586,0.10085937499999997,0.100859375
0.07730557737627652,0.035907305577376314,0.07860172820109976,0.11506172839506168,0.11506172839506174
0.08165937126939914,0.04278153601273382,0.08112216474333467,0.09084148727984342,0.09084148727984345
0.07012082158679019,0.017482883608538113,0.06736206202174788,0.06356435643564351,0.06356435643564357
0.08389913899138993,0.05064780647806477,0.08674866748667487,0.0829032258064516,0.08290322580645162
0.07664556962025318,0.02751582278481013,0.07087025316455697,0.10493723849372383,0.10493723849372386
0.05893312101910829,0.009251592356687932,0.07031847133757962,0.06435797665369647,0.0643579766536965
0.07011659541391373,0.02748153905946371,0.07736494364554994,0.0733057851239669,0.07330578512396693
0.08142744167655201,0.03631079478054566,0.07488335310399366,0.05969465648854955,0.05969465648854963
0.06926888708367182,0.01695369618196585,0.06768480909829408,0.038181818181818206,0.03818181818181818
0.07668802563075693,0.019699639567480998,0.06301161393672408,0.059679358717434794,0.05967935871743488
0.06803149606299214,0.02944881889763784,0.08141732283464567,0.10866799204771371,0.10866799204771371
0.06354706124126594,0.018869708179202638,0.0753226469379367,0.07106382978723402,0.07106382978723405
0.07516545601291365,0.04280064568200159,0.08763518966908798,0.06585741811175339,0.06585741811175339
0.08187122736418512,0.047867203219315924,0.08599597585513077,0.08638830897703542,0.0863883089770355
0.061460494812450125,-0.002146847565841936,0.05639265762170789,0.08083499005964212,0.08083499005964215
0.08663420335021427,0.0491195948578107,0.08248539150759643,0.0667741935483871,0.0667741935483871
0.07823045267489713,0.03707818930041151,0.07884773662551439,0.039366852886405956,0.039366852886405956
0.08693418940609952,0.048089887640449414,0.08115569823434993,0.062003853564547184,0.06200385356454721
0.0763004846526656,0.018788368336025818,0.06248788368336025,0.06117647058823528,0.061176470588235304
0.07098231827111985,0.028742632612966612,0.07776031434184677,0.07470085470085464,0.07470085470085469
0.07096339113680156,0.018362235067437394,0.06739884393063583,0.052976445396145544,0.0529764453961456
0.07865954922894426,0.026820877817319122,0.06816132858837484,0.05529411764705883,0.05529411764705883
0.07973312401883832,0.0388383045525903,0.07910518053375196,0.05261802575107288,0.05261802575107297
0.07171606864274573,0.027800312012480566,0.0760842433697348,0.09642585551330796,0.09642585551330798
0.0628141308711361,0.009863508631071882,0.06704937775993577,0.10167938931297704,0.1016793893129771
0.06941291585127203,0.005812133072407022,0.05639921722113503,0.05495145631067955,0.0549514563106796
0.07927258193445245,0.031390887290167924,0.07211830535571542,0.10755020080321287,0.10755020080321286
0.0741315683914962,0.030529482551143183,0.076397914159647,0.05399209486166001,0.05399209486166007
0.08770670826833074,0.05666146645865833,0.08895475819032761,0.07714285714285707,0.07714285714285715
0.07637450199203188,0.029362549800796778,0.07298804780876494,0.04818532818532817,0.0481853281853282
0.0661352657004831,0.014363929146537835,0.06822866344605474,0.022040816326530543,0.022040816326530627
0.07876777251184836,0.027503949447077458,0.06873617693522907,0.10667992047713715,0.10667992047713717
0.07386100386100387,0.025984555984555957,0.07212355212355212,0.07828343313373254,0.07828343313373254
0.07434083601286175,0.03125401929260452,0.07691318327974275,0.06990253411306036,0.06990253411306044
0.07409899458623358,0.029087393658159377,0.07498839907192575,0.09196467991169976,0.09196467991169979
0.06949159170903403,0.013058271411810707,0.06356667970277669,0.044489795918367325,0.04448979591836735
0.0577952755905512,-0.0020472440944881987,0.060157480314960626,0.08298568507157467,0.08298568507157464
0.07208172706245182,0.025204317656129516,0.0731225905936777,0.07624999999999993,0.07625000000000001
0.07959776981282358,0.030653126244524098,0.07105535643170052,0.06042553191489364,0.06042553191489361
0.05558986539984166,-0.0015756136183689984,0.0628345209817894,0.05109404990403066,0.051094049904030714
0.07561529271206692,0.046184786937475075,0.09056949422540819,0.044242424242424194,0.04424242424242425
0.07077821011673154,0.00929961089494169,0.05852140077821011,0.098727634194831,0.09872763419483102
0.07793259350595973,0.029967118783394975,0.07203452527743526,0.10399999999999998,0.104
0.06290060851926979,0.03186612576064907,0.0889655172413793,0.03872509960159365,0.03872509960159362
0.07573448546739986,0.025302435192458783,0.06956794972505892,0.058114754098360644,0.058114754098360644
0.06532638084202395,0.0073503283120895935,0.06202394747006568,0.09499999999999997,0.095
0.0681623277182236,0.0046860643185299145,0.05652373660030627,0.08885245901639338,0.08885245901639344
0.059419252187748614,-0.0004852824184565785,0.06009546539379476,0.03960784313725485,0.039607843137254906
0.06777604369879049,0.024194303550526763,0.07641825985173625,0.025907172995780603,0.025907172995780603
0.06379148770011715,0.020488090589613428,0.07669660288949628,0.07714285714285707,0.07714285714285715
0.07512107979356888,0.02109170305676855,0.06597062326319969,0.09974683544303797,0.09974683544303797
0.05603531300160515,0.008764044943820215,0.0727287319422151,0.07657370517928286,0.07657370517928286
0.07063091482649843,0.018817034700315483,0.06818611987381704,0.10025210084033609,0.10025210084033613
0.05226059654631085,0.007048665620094208,0.07478806907378335,0.07521235521235514,0.07521235521235523
0.07245805696449474,0.027315645727662874,0.07485758876316817,0.08575875486381324,0.08575875486381324
0.08276764472640763,0.04557494052339417,0.08280729579698651,0.09370600414078667,0.09370600414078675
0.07614136732329085,0.021641560448049435,0.0655001931247586,0.07132382892057021,0.07132382892057026
0.06841269841269842,0.0215873015873016,0.07317460317460317,0.10645418326693223,0.10645418326693228
0.07865766481334394,0.04482128673550434,0.08616362192216045,0.025725971370143097,0.025725971370143152
0.07182106096595409,0.0348456057007126,0.08302454473475851,0.07395537525354967,0.0739553752535497
0.07207598903251078,0.012655699177438362,0.06057971014492755,0.06552845528455287,0.06552845528455284
0.08531604538087521,0.04998379254457053,0.0846677471636953,0.06854771784232361,0.06854771784232366
0.06141316904120139,0.010469772814786338,0.06905660377358491,0.06630738522954094,0.06630738522954091
0.06190251572327045,0.023537735849056607,0.08163522012578617,0.09154150197628452,0.09154150197628458
0.06589041095890412,0.006986301369863002,0.06109589041095889,0.08192468619246862,0.08192468619246862
0.06752513534416088,0.007045630317092044,0.05952049497293116,0.07267034990791899,0.07267034990791896
0.06708815317112088,0.01511368169126448,0.0680255285201436,0.04950191570881224,0.049501915708812266
0.06909697683549275,0.03285826462504915,0.08376128778955635,0.05820662768031182,0.0582066276803119
0.0778538102643857,0.027776049766718547,0.06992223950233281,0.0622131147540983,0.06221311475409835
0.06454976303317536,0.02710900473933653,0.08255924170616113,0.048063241106719334,0.04806324110671936
0.07975609756097563,0.04032520325203259,0.08056910569105691,0.04716049382716048,0.047160493827160505
0.06736421725239618,0.0008306709265175627,0.053466453674121395,0.08509635974304064,0.0850963597430407
0.0740063466878223,0.012959143197143974,0.0589527965093217,0.09475915221579956,0.09475915221579961
0.057447539107210996,0.008267836703548248,0.07082029759633729,0.09974683544303797,0.09974683544303797
0.07747624948368444,0.03290788930194133,0.07543163981825693,0.06114052953156823,0.06114052953156823
0.06992150706436422,0.025886970172684487,0.07596546310832025,0.03535269709543565,0.035352697095435676
0.07101010101010102,0.025151515151515147,0.07414141414141415,0.10282828282828282,0.10282828282828282
0.060888208269525276,0.01578866768759568,0.07490045941807044,0.09780040733197548,0.09780040733197556
0.07354330708661419,0.02984251968503937,0.0762992125984252,0.07140562248995985,0.07140562248995985
0.07800000000000001,0.022399999999999975,0.06440000000000001,0.0574291115311909,0.05742911153119093
0.06374498797113072,0.004963913392141195,0.06121892542101043,0.06725050916496944,0.06725050916496944
0.07561622464898597,0.03482059282371297,0.07920436817472698,0.056283185840707906,0.05628318584070796
0.07160721285770287,0.02499803998431993,0.07339082712661701,0.0922222222222222,0.09222222222222223
0.0857523510971787,0.05409090909090908,0.08833855799373042,0.0608163265306122,0.06081632653061225
0.07838206627680314,0.03062378167641322,0.07224171539961013,0.0707462686567164,0.07074626865671643
0.06835164835164836,0.021962323390894878,0.07361067503924648,0.08652977412731,0.08652977412731006
0.06668927004387716,0.03106900678101321,0.08437973673713603,0.05620689655172406,0.056206896551724145
0.07382293762575454,0.028551307847082485,0.07472837022132797,0.07102040816326527,0.0710204081632653
0.06511899959661155,0.010621218233158536,0.06550221863654698,0.048920570264765706,0.04892057026476579
0.08027202598457167,0.053597239139261066,0.09332521315468942,0.059430894308943105,0.05943089430894308
0.0746502540054709,0.024982415005861736,0.07033216100039077,0.07162601626016263,0.0716260162601626
0.07160642570281125,0.03224899598393571,0.08064257028112451,0.06458077709611454,0.06458077709611451
0.06704739704739705,0.022525252525252504,0.07547785547785549,0.08652542372881356,0.08652542372881356
0.06734443123265954,0.021089972255251666,0.07374554102259215,0.05101391650099396,0.051013916500994044
0.07663005100039233,0.03892899176147513,0.08229894076108277,0.08695278969957076,0.08695278969957082
0.07972794723825227,0.04081615828524321,0.08108821104699093,0.09272727272727266,0.09272727272727274
0.09282696994313568,0.04254264825345244,0.0697156783103168,0.08718749999999997,0.0871875
0.06271255060728746,0.014129554655870513,0.071417004048583,0.0826262626262626,0.08262626262626263
0.06217191097467384,0.007912509593246408,0.06574059861857254,0.09056367432150314,0.09056367432150314
0.06594008671659442,0.014186046511627914,0.0682459597950335,0.07208333333333328,0.07208333333333333
0.06172224401726169,-0.01677912907022361,0.04149862691251471,0.049944547134935235,0.04994454713493532
0.07618762475049902,0.028483033932135693,0.07229540918163674,0.0359509202453987,0.03595092024539878
0.08201885310290653,0.029622937941869654,0.06760408483896307,0.006026200873362364,0.006026200873362447
0.07616302186878729,0.02467196819085493,0.06850894632206758,0.08609071274298052,0.08609071274298055
0.06880478087649404,0.02537848605577686,0.07657370517928286,0.0364948453608247,0.03649484536082476
0.0736427732079906,0.03263219741480616,0.07898942420681551,0.02561122244488978,0.02561122244488978
0.06564867042707495,0.01657534246575343,0.07092667203867847,0.0606072106261859,0.06060721062618596
0.06253614693239548,0.0058343102774521816,0.06329816334505667,0.06067085953878404,0.06067085953878407
0.06469485440765857,0.002349421619465497,0.05765456721180695,0.08307053941908715,0.08307053941908712
0.0630544593528019,0.020986582478295213,0.0779321231254933,0.05227176220806795,0.05227176220806795
0.08184573002754822,0.034659582841401027,0.0728138528138528,0.057349397590361395,0.05734939759036145
0.06244760775009886,0.005863977856860436,0.06341637010676157,0.09242798353909465,0.09242798353909465
0.07534171249018069,0.035514532600157134,0.08017282010997642,0.048752642706131,0.04875264270613108
0.07175019888623708,0.012243436754176606,0.06049323786793953,0.07346534653465342,0.07346534653465348
0.07216550657385926,0.00936581593194119,0.057200309358081985,0.08117136659436008,0.08117136659436008
0.06702970297029705,0.00544554455445545,0.05841584158415841,0.08381322957198445,0.08381322957198445
0.07807799442896937,0.03124154397134904,0.07316354954237964,0.06518828451882841,0.06518828451882847
0.06280125195618154,0.02312989045383418,0.0803286384976526,0.06188911704312117,0.06188911704312114
0.07,0.03759999999999997,0.08760000000000001,0.07299806576402323,0.0729980657640232
0.0761607507139943,0.03825785393716852,0.0820971032231742,0.0642307692307692,0.06423076923076923
0.07170432025366628,0.015937376139516513,0.06423305588585018,0.11211618257261413,0.1121161825726141
0.07047021943573668,0.032147335423197476,0.08167711598746083,0.07050505050505051,0.07050505050505051
0.07334128878281625,0.01980111376292759,0.06645982498011138,0.08433260393873088,0.08433260393873085
0.07443822471011596,0.03169532187125157,0.07725709716113555,0.05364485981308409,0.05364485981308412
0.057890625000000015,0.00789062500000004,0.07,0.0873267326732673,0.08732673267326732
0.07841777084957133,0.027599376461418523,0.06918160561184725,0.04655246252676659,0.04655246252676659
0.07090801421239638,0.014966442953020187,0.06405842874062376,0.06749034749034744,0.06749034749034749
0.06051383399209487,0.0047826086956521685,0.06426877470355732,0.07222672064777325,0.07222672064777327
0.07274928190398032,0.022154288059089033,0.06940500615510875,0.08398467432950185,0.08398467432950191
0.08019133151112848,0.03884029675907852,0.07864896524795001,0.037991631799163206,0.03799163179916318
0.08448652869972668,0.04235454900429525,0.07786802030456852,0.10631578947368414,0.10631578947368421
0.07209238057639164,0.013387287801026493,0.06129490722463482,0.0632203389830508,0.06322033898305085
0.062086330935251816,0.004212629896083175,0.06212629896083133,0.11396709323583176,0.11396709323583182
0.06949159170903403,0.015013687915526042,0.06552209620649199,0.05132530120481926,0.05132530120481929
0.060582258694802674,0.02576397030089883,0.08518171160609614,0.08060606060606057,0.0806060606060606
0.06790996784565917,0.0043247588424437655,0.056414790996784564,0.10071570576540756,0.10071570576540756
0.07023382696804366,0.011231488698363212,0.06099766173031956,0.08159844054580889,0.08159844054580898
0.0731505250875146,0.02962660443407239,0.07647607934655776,0.03263616557734206,0.03263616557734206
0.083991280221958,0.04883472057074911,0.08484344034879113,0.0706224066390041,0.07062240663900415
0.07487514863258027,0.018315497423701976,0.06344034879112168,0.06499054820415873,0.06499054820415878
0.07862137465236393,0.028839888756456156,0.07021851410409216,0.049521829521829486,0.049521829521829513
0.05769230769230771,0.00038461538461542766,0.06269230769230769,0.11429175475687103,0.11429175475687103
0.0559447004608295,0.008095238095238155,0.0721505376344086,0.06188911704312117,0.06188911704312114
0.0764976228209192,0.03465927099841526,0.07816164817749605,0.07504201680672262,0.07504201680672268
0.06644142343062776,0.010503798480607784,0.06406237504998,0.09268993839835726,0.09268993839835729
0.08245661396066334,0.035908214423447715,0.07345160046278443,0.09415730337078654,0.09415730337078651
0.07778767919411082,0.02319643549012007,0.06540875629600931,0.10842105263157897,0.10842105263157895
0.06584158415841586,0.01970297029702972,0.07386138613861387,0.10865096359743043,0.10865096359743041
0.0740503342508848,0.011250491545418795,0.05720015729453401,0.07154639175257727,0.07154639175257732
0.06901380670611441,0.016745562130177527,0.06773175542406312,0.05763837638376379,0.057638376383763845
0.08286644951140067,0.05379478827361561,0.09092833876221498,0.05640081799591001,0.05640081799591001
0.06018691588785048,0.012211838006230602,0.07202492211838007,0.08353944562899784,0.08353944562899787
0.06524545805952843,0.01023965983764985,0.06499420177812137,0.045910931174089065,0.045910931174089065
0.06872915011914218,0.007887212073073857,0.059158061953931695,0.06959349593495934,0.06959349593495934
0.07819542947202524,0.03162332545311275,0.07342789598108748,0.05198380566801619,0.05198380566801619
0.06110070257611243,0.006533957845433314,0.06543325526932084,0.10429752066115705,0.10429752066115702
0.06083503054989818,0.014602851323828991,0.07376782077393076,0.06462151394422311,0.06462151394422311
0.07833988985051142,0.03593233674272234,0.07759244689221087,0.058264299802761266,0.05826429980276135
0.06596928982725529,0.01088291746641079,0.06491362763915548,0.07826771653543307,0.07826771653543307
0.072555910543131,0.020399361022364282,0.06784345047923324,0.06890656063618283,0.06890656063618292
0.07402230187176424,0.024679410593389073,0.07065710872162484,0.07185185185185183,0.07185185185185186
0.0811969111969112,0.039111969111969125,0.07791505791505793,0.0608163265306122,0.06081632653061225
0.06421553090332806,0.014057052297939743,0.06984152139461172,0.08720321931589536,0.08720321931589536
0.06530408006158585,0.014418783679753688,0.06911470361816782,0.08111111111111113,0.0811111111111111
0.06018691588785048,0.003255451713395696,0.06306853582554517,0.10113207547169811,0.10113207547169811
0.07637610976594028,0.021008878127522168,0.06463276836158191,0.05464566929133852,0.05464566929133857
0.07077220077220078,0.020579150579150607,0.06980694980694982,0.061772151898734196,0.06177215189873417
0.07069472823865959,0.01867184307315084,0.0679771148344912,0.08858316221765916,0.08858316221765913
0.06486072969792077,0.009505688505296206,0.06464495880737545,0.09575150300601198,0.09575150300601203
0.06418837675350703,0.020300601202404844,0.07611222444889779,0.04442748091603055,0.04442748091603055
0.06968152866242039,0.01283439490445859,0.06315286624203822,0.07059760956175298,0.07059760956175298
0.07669291338582679,0.03968503937007872,0.08299212598425196,0.08542056074766358,0.08542056074766355
0.0670167552104618,0.007229260318757702,0.06021250510829587,0.06894837476099425,0.06894837476099427
0.07245868601370416,0.01848851269649332,0.0660298266827892,0.09070707070707063,0.09070707070707071
0.06360872954014031,0.020194855806703105,0.07658612626656275,0.0895652173913043,0.08956521739130435
0.06660554038236442,0.01483027701911821,0.0682247366367538,0.09524752475247522,0.09524752475247525
0.060594254230617886,0.006324281778827268,0.06573002754820936,0.06999999999999995,0.07
0.06601250977326037,0.01589523064894449,0.06988272087568412,0.07039370078740159,0.07039370078740156
0.05627450980392158,-0.002156862745098076,0.06156862745098041,0.08363636363636362,0.08363636363636365
0.07282755874153725,0.02308641975308645,0.07025886101154918,0.08250000000000002,0.08249999999999999
0.07890688259109313,0.02101214574898791,0.06210526315789475,0.05716475095785434,0.05716475095785442
0.07063091482649843,0.021577287066246065,0.07094637223974765,0.039702602230483275,0.039702602230483275
0.058086642599277996,0.004857601283594026,0.0667709586843161,0.06810126582278475,0.0681012658227848
0.05744588744588745,0.007111373475009897,0.0696654860291224,0.08027944111776442,0.08027944111776447
0.07565286624203822,0.018407643312101873,0.06275477707006369,0.0375965665236051,0.03759656652360516
0.07681726502622026,0.048136345300524463,0.09131908027430416,0.03889763779527555,0.03889763779527558
0.07489344909234413,0.024143646408839814,0.06925019731649565,0.067457627118644,0.06745762711864406
0.07840302668259659,0.04817602548785349,0.08977299880525688,0.06337349397590364,0.06337349397590361
0.07336987413723103,0.029236703207470627,0.07586682907023953,0.10823529411764699,0.10823529411764705
0.07631282669883395,0.021909931644551683,0.06559710494571774,0.02400000000000002,0.023999999999999994
0.07578245046502226,0.02980590376061465,0.0740234532955924,0.0651242829827916,0.06512428298279158
0.07,0.04239999999999999,0.09240000000000001,0.05999999999999994,0.06
0.06394538979026515,0.023462603878116384,0.0795172140878512,0.09169811320754717,0.09169811320754717
0.07814696485623004,0.025191693290734896,0.06704472843450479,0.056653386454183274,0.056653386454183274
0.06760000000000001,0.009199999999999986,0.06159999999999999,0.06557438794726933,0.0655743879472693
0.07160642570281125,0.010562248995983903,0.0589558232931727,0.06038461538461537,0.0603846153846154
0.06670070699135901,0.017839748625294582,0.07113904163393558,0.09726358148893355,0.0972635814889336
0.06723627870766836,0.008030362008563663,0.06079408330089528,0.041946169772256736,0.041946169772256736
0.06525304040800316,0.01382110631620248,0.0685680659081993,0.07185185185185183,0.07185185185185186
0.05849487785658,0.012316784869976338,0.07382190701339639,0.08666666666666667,0.08666666666666667
0.06550425273390037,0.01848116646415554,0.07297691373025517,0.056327345309381216,0.056327345309381244
0.07257209664848013,0.017856586126266616,0.06528448947778645,0.08105263157894738,0.08105263157894738
0.06928343949044587,0.018805732484076465,0.06952229299363058,0.055249042145593896,0.05524904214559387
0.08098857818038599,0.014781410003938622,0.05379283182355257,0.08128364389233955,0.08128364389233955
0.07428015564202335,0.01941634241245138,0.06513618677042801,0.06472049689440995,0.06472049689440995
0.06902912621359225,0.012524271844660206,0.06349514563106795,0.04499999999999993,0.04500000000000001
0.0680407836865254,0.0264974010395842,0.07845661735305878,0.03410256410256407,0.0341025641025641
0.05309636650868879,-0.01199052132701417,0.05491311216429701,0.10316831683168315,0.10316831683168316
0.062196299275945305,0.02221238938053094,0.08001609010458569,0.053652007648183564,0.053652007648183564
0.06191261019547721,0.010130318129551563,0.06821770793407436,0.06999999999999995,0.07
0.0767236688690245,0.036420520792848854,0.07969685192382434,0.05999999999999994,0.06
0.07476190476190478,0.045396825396825435,0.09063492063492062,0.03947261663286006,0.03947261663286003
0.07218687872763421,0.018707753479125233,0.06652087475149104,0.06453781512605039,0.06453781512605042
0.07216962524654834,0.017534516765286057,0.06536489151873767,0.06759916492693108,0.0675991649269311
0.0714481094127112,0.018994368463395084,0.06754625905068384,0.07355648535564852,0.07355648535564854
0.06461172741679874,0.004944532488114106,0.06033280507131539,0.08254980079681273,0.08254980079681276
0.08817815397017333,0.04750906892382101,0.07933091495364772,0.050708661417322776,0.05070866141732283
0.06330628803245437,-0.0005882352941176672,0.056105476673427995,0.053333333333333344,0.053333333333333344
0.07258690379951496,0.018585286984640237,0.0659983831851253,0.05007812499999997,0.050078125
0.06533516268130146,0.006965895727165883,0.06163073304586436,0.11384288747346072,0.11384288747346072
0.06972473456547386,0.01832874557609121,0.06860401101061739,0.06368308351177732,0.06368308351177732
0.06337514700117602,0.014021952175617414,0.07064680517444138,0.08831275720164611,0.08831275720164608
0.07399686520376177,0.022351097178683443,0.06835423197492163,0.12280777537796972,0.12280777537796976
0.058755020080321296,0.0005220883534137188,0.06176706827309236,0.0757692307692307,0.07576923076923078
0.07957446808510639,0.04659574468085104,0.08702127659574468,0.04489451476793249,0.04489451476793249
0.06635627530364374,0.02384615384615385,0.07748987854251013,0.050374753451676524,0.050374753451676524
0.0748551292090838,0.014714173844949108,0.059859044635865305,0.07200845665961941,0.07200845665961944
0.07300230946882218,0.016343341031562764,0.06334103156274057,0.06257206208425714,0.0625720620842572
0.08077170418006432,0.038488745980707395,0.0777170418006431,0.08336633663366333,0.08336633663366336
0.059871382636655965,0.026028938906752397,0.08615755627009647,0.09257019438444924,0.09257019438444924
0.06957676029242017,0.007976144671027363,0.058399384378607144,0.043529411764705817,0.04352941176470587
0.07894568690095848,0.04356230031948882,0.08461661341853036,0.043182711198428314,0.043182711198428286
0.06614476789929191,0.01350904799370578,0.06736428009441384,0.10649706457925634,0.10649706457925637
0.0683461073013312,0.01909237595804758,0.07074626865671643,0.048740157480314905,0.04874015748031496
0.0533908707326429,0.001492136555427681,0.0681012658227848,0.04978723404255314,0.0497872340425532
0.08512154923774208,0.03926246394725996,0.07414091470951792,0.0667432950191571,0.0667432950191571
0.07536779324055667,0.024274353876739596,0.06890656063618292,0.058297872340425494,0.05829787234042552
0.06348171701112879,0.016820349761526243,0.07333863275039745,0.07119047619047614,0.07119047619047619
0.06198884017536868,0.013722598644878459,0.07173375846950977,0.07404339250493097,0.07404339250493097
0.06408099688473522,0.01532710280373839,0.07124610591900313,0.07425101214574892,0.074251012145749
0.08529605263157895,0.03973684210526318,0.07444078947368421,0.0779881656804734,0.07798816568047337
0.06365079365079367,0.0215873015873016,0.07793650793650794,0.08335403726708068,0.08335403726708074
0.08316306483300591,0.024420432220039312,0.06125736738703341,0.024255319148936194,0.024255319148936166
0.08167315175097277,0.04548638132295724,0.08381322957198445,0.04089552238805971,0.04089552238805971
0.06703588143525742,0.014929797191887695,0.06789391575663026,0.07968379446640317,0.07968379446640317
0.07654574132492115,0.030252365930599434,0.07370662460567823,0.053333333333333344,0.053333333333333344
0.07472471690745804,0.027907067551737663,0.07318235064427958,0.0883651804670913,0.0883651804670913
0.07331602077506993,0.0318857371154615,0.07856971634039153,0.06394250513347022,0.06394250513347022
0.07953150242326334,0.01636510500807753,0.05683360258481421,0.031507936507936485,0.03150793650793651
0.05944918541505044,0.01670287044220331,0.07725368502715282,0.09659574468085108,0.09659574468085107
0.07302316450726345,0.023042795445622266,0.07001963093835886,0.06356435643564351,0.06356435643564357
0.06169675090252709,0.032936221419975986,0.09123947051744885,0.06615384615384612,0.06615384615384615
0.08328560063643597,0.042076372315035804,0.07879077167859985,0.07255198487712666,0.07255198487712666
0.06313880126182966,0.014873817034700365,0.07173501577287067,0.07477178423236508,0.07477178423236513
0.0758313632781718,0.024925137903861305,0.06909377462568952,0.0820689655172413,0.08206896551724138
0.060474354030081,0.015468569224836082,0.0749942151947551,0.07010706638115627,0.07010706638115632
0.06735614307931571,0.012612752721617437,0.0652566096423017,0.10508064516129034,0.10508064516129033
0.08483292583537083,0.0475061124694377,0.08267318663406684,0.09575150300601198,0.09575150300601203
0.06254901960784315,0.0033333333333332993,0.0607843137254902,0.0982608695652174,0.09826086956521739
0.06789555728760718,0.024091971940763846,0.07619641465315666,0.058383838383838316,0.05838383838383837
0.0790909090909091,0.021488685986502554,0.062397776895593504,0.07102040816326527,0.0710204081632653
0.07481832543443918,0.045276461295418624,0.09045813586097948,0.028163265306122454,0.028163265306122454
0.08482649842271295,0.05154574132492118,0.0867192429022082,0.045396825396825324,0.04539682539682541
0.06607298690995637,0.010579135263784178,0.06450614835382784,0.10934426229508198,0.10934426229508197
0.08343517430473954,0.025189972581276976,0.061754798276537404,0.05984374999999997,0.05984375
0.07128254955305093,0.036420520792848854,0.08513797123979791,0.04851239669421481,0.048512396694214865
0.06126213592233011,0.002038834951456292,0.06077669902912622,0.06305835010060357,0.06305835010060362
0.07783597239139262,0.030048721071863627,0.07221274868047098,0.04917466410748561,0.04917466410748561
0.08274350649350651,0.03217532467532469,0.06943181818181818,0.08454183266932269,0.08454183266932272
0.07351231328219622,0.02534921275736779,0.07183689947517158,0.07683760683760676,0.07683760683760685
0.07613861386138615,0.04940594059405945,0.09326732673267327,0.05403361344537816,0.05403361344537816
0.06599686028257458,0.020784929356357895,0.07478806907378335,0.06817813765182179,0.06817813765182187
0.05542868127643215,0.0077931564782776075,0.07236447520184544,0.08363636363636362,0.08363636363636365
0.06031224979983989,0.0033867093674939674,0.06307445956765412,0.0762753036437247,0.0762753036437247
0.06920000000000001,0.024800000000000044,0.0756,0.03237911025145068,0.03237911025145068
0.06319248826291081,0.006697965571205056,0.0635054773082942,0.07102040816326527,0.0710204081632653
0.07205187766163378,0.010611691831204029,0.05855981416957026,0.053671399594320435,0.05367139959432049
0.06727974015428341,0.008936256597645187,0.06165651644336176,0.079073359073359,0.07907335907335908
0.08119842829076622,0.038172888015717055,0.07697445972495087,0.05166332665330664,0.05166332665330661
0.06856801909307877,0.01980111376292759,0.07123309466984884,0.08627906976744182,0.08627906976744187
0.07251697962445067,0.0330842988413903,0.08056731921693969,0.08295503211991428,0.08295503211991434
0.0629127725856698,0.020000000000000018,0.07708722741433022,0.07371179039301312,0.0737117903930131
0.06701257861635221,0.007421383647798763,0.06040880503144655,0.04599580712788254,0.04599580712788259
0.07749414519906324,0.03307572209211551,0.07558157689305231,0.06136546184738956,0.06136546184738956
0.06840637450199204,0.018207171314741033,0.069800796812749,0.02215053763440855,0.022150537634408607
0.07578577013291635,0.03075058639562156,0.07496481626270524,0.05541666666666667,0.05541666666666667
0.05556067588325654,-0.004577572964669763,0.05986175115207373,0.08679174484052532,0.08679174484052532
0.06889415481832545,0.01723538704581362,0.06834123222748814,0.06401709401709399,0.06401709401709402
0.06282899921197795,0.023743104806934645,0.08091410559495665,0.02246913580246912,0.022469135802469148
0.08207034372501999,0.04418065547561956,0.08211031175059952,0.04186234817813761,0.041862348178137665
0.07873172659028053,0.04400237060450418,0.08527064401422363,0.07742574257425738,0.07742574257425744
0.08302667182064168,0.038844221105527654,0.07581754928488596,0.054080717488789176,0.05408071748878923
0.05677782086079877,0.008270647537805376,0.0714928266770066,0.061784989858012174,0.061784989858012174
0.06022033243138772,0.005987630459992288,0.06576729802860456,0.06276729559748428,0.06276729559748428
0.06581689029202843,0.007569060773480629,0.06175217048145226,0.08324786324786326,0.08324786324786324
0.0852407481098289,0.055515320334261875,0.09027457222443294,0.04499999999999993,0.04500000000000001
0.06090192989365893,0.004935013784954756,0.06403308389129578,0.06661354581673307,0.06661354581673307
0.07638464551508031,0.014614179396788107,0.05822953388170779,0.05857442348008379,0.05857442348008385
0.06090177133655396,0.014363929146537835,0.07346215780998389,0.058709677419354844,0.058709677419354844
0.06637709388391119,0.016786131671211568,0.07040903778730034,0.06313725490196076,0.06313725490196079
0.05960256924929748,0.015082296266559658,0.07547972701726213,0.10888888888888881,0.1088888888888889
0.06258517034068138,0.009078156312625318,0.06649298597194389,0.06540117416829738,0.06540117416829747
0.07079051383399211,-0.0015415019762845539,0.04766798418972332,0.08055776892430278,0.0805577689243028
0.0705940594059406,0.021683168316831702,0.0710891089108911,0.08639676113360317,0.08639676113360323
0.06882638607851074,0.012614326183731261,0.06378794010522057,0.06661354581673307,0.06661354581673307
0.05527193330686782,0.0016395394998015567,0.06636760619293369,0.08345381526104412,0.08345381526104417
0.07127897681854517,0.021798561151079143,0.07051958433253397,0.06854368932038835,0.06854368932038835
0.06558707643814028,-0.0010795902285263281,0.053333333333333344,0.07771543086172339,0.07771543086172344
0.05809239346873757,0.013130227001194816,0.07503783353245719,0.07222672064777325,0.07222672064777327
0.07028259991925717,0.021312071053694037,0.07102947113443683,0.03712062256809334,0.0371206225680934
0.05997555012224941,0.00023634881825596032,0.060260798696006534,0.09332053742802304,0.09332053742802304
0.07445344129554657,0.02910931174089071,0.07465587044534414,0.06968684759916488,0.06968684759916494
0.07618992695117263,0.03970396001537868,0.08351403306420607,0.016976241900647948,0.016976241900647948
0.07064882400648825,0.0226358475263585,0.07198702351987024,0.037460317460317416,0.03746031746031747
0.06291465378421901,0.015169082125603861,0.07225442834138487,0.09747035573122531,0.0974703557312253
0.06115913555992143,0.018919449901768193,0.07776031434184677,0.09122736418511068,0.09122736418511065
0.07365190365190366,0.027964257964257944,0.0743123543123543,0.09784679089026915,0.09784679089026915
0.07382341348048878,0.01773354355538037,0.0639101300748916,0.10211382113821132,0.10211382113821138
0.07270055599682289,0.01900714853057983,0.06630659253375695,0.07860655737704914,0.07860655737704919
0.08343517430473954,0.0463415589502546,0.08290638464551509,0.041721311475409806,0.041721311475409834
0.08572815533980584,0.03970873786407769,0.07398058252427184,0.07068762278978391,0.07068762278978388
0.07692027519222988,0.024350465398624066,0.06743019020639418,0.046961770623742405,0.04696177062374246
0.07062353858144974,0.013959469992205764,0.06333593141075605,0.06482758620689655,0.06482758620689655
0.0719223224794037,0.011859552765790538,0.05993723028638681,0.03954887218045111,0.03954887218045114
0.07160642570281125,0.02863453815261041,0.07702811244979921,0.05300589390962673,0.05300589390962673
0.06920634920634922,0.019603174603174622,0.0703968253968254,0.08159844054580889,0.08159844054580898
0.060164561806352865,0.011676234213547687,0.0715116724071948,0.09211740041928718,0.0921174004192872
0.07163281561131024,0.028661887694145793,0.07702907208283552,0.06179687499999997,0.061796875
0.071268834258525,0.017819191118160216,0.0665503568596352,0.07037878787878782,0.07037878787878787
0.0770127857419605,0.027845796203022077,0.07083301046106161,0.06158415841584153,0.06158415841584158
0.056610373944511475,0.004620024125452371,0.0680096501809409,0.02321285140562246,0.023212851405622487
0.06945011783189317,0.008020424194815412,0.058570306362922236,0.07140562248995985,0.07140562248995985
0.06393939393939395,0.005042735042735114,0.06110334110334109,0.08016949152542374,0.08016949152542374
0.06712918660287083,0.008038277511961733,0.06090909090909091,0.07741088180112565,0.07741088180112571
0.07800477897252092,0.04299880525686983,0.08499402628434888,0.053969465648854964,0.053969465648854964
0.06258818866428856,0.020297265160523215,0.07770907649623465,0.05050847457627117,0.050508474576271195
0.07699555196118077,0.026166599272139157,0.06917104731095836,0.07311871227364186,0.07311871227364186
0.0763011456628478,0.026137479541734843,0.06983633387888707,0.062401500938086274,0.0624015009380863
0.07066745190420104,0.011656851197487272,0.06098939929328623,0.06990619136960596,0.06990619136960599
0.06839152608866224,0.018136524127108644,0.06974499803844644,0.06570312499999997,0.065703125
0.07137524557956779,0.015383104125736735,0.06400785854616897,0.0915203426124197,0.0915203426124197
0.06899768696993062,0.01518118735543561,0.06618350038550502,0.08859688195991089,0.08859688195991092
0.07004030632809352,0.012039500201531661,0.061999193873438135,0.057398373983739814,0.05739837398373984
0.0666346153846154,0.009182692307692308,0.06254807692307693,0.07685483870967735,0.07685483870967741
0.07413683373110581,0.02457438345266505,0.07043754972155927,0.06890656063618283,0.06890656063618292
0.07443822471011596,0.02089964014394241,0.06646141543382647,0.06905660377358491,0.06905660377358491
0.07779580530273052,0.03652156707558374,0.07872576177285318,0.04716049382716048,0.047160493827160505
0.07591073582629676,0.037591475673502184,0.08168073984720547,0.03891348088531188,0.03891348088531188
0.08609241994325093,0.04665180381029588,0.080559383867045,0.04950191570881224,0.049501915708812266
0.06529411764705884,0.012745098039215752,0.06745098039215686,0.10631984585741805,0.10631984585741812
0.07734197094621124,0.03914016489988226,0.081798193953671,0.08278586278586275,0.08278586278586278
0.06742574257425744,0.012574257425742585,0.06514851485148515,0.09310606060606053,0.09310606060606061
0.061816367265469074,0.010918163672654746,0.06910179640718564,0.05805668016194332,0.05805668016194332
0.05828125000000001,0.00398437500000004,0.065703125,0.05300589390962673,0.05300589390962673
0.06504716981132076,0.005062893081761,0.06001572327044025,0.0779881656804734,0.07798816568047337
0.0647787963332005,0.00495416500597845,0.06017536867277801,0.0762753036437247,0.0762753036437247
0.06036678758565096,0.01324869004433693,0.072881902458686,0.08434108527131778,0.08434108527131784
0.07103750997605747,0.021396648044692768,0.07035913806863528,0.053333333333333344,0.053333333333333344
0.070117508813161,0.009913826870348585,0.05979631805718763,0.0485714285714286,0.04857142857142857
0.06552238805970151,0.006587333602258938,0.06106494554255748,0.11072164948453611,0.11072164948453608
0.062451298701298716,0.02040584415584412,0.07795454545454544,0.07828343313373254,0.07828343313373254
0.057153455681374477,-0.006064037485357221,0.05678250683326824,0.0857024793388429,0.08570247933884298
0.06139912802219581,0.02069361870788744,0.07929449068569164,0.07010266940451748,0.07010266940451745
0.06771309771309772,0.02259875259875266,0.07488565488565488,0.038014705882352895,0.03801470588235295
0.07796318527410966,0.03870748299319726,0.08074429771908764,0.02324543610547669,0.023245436105476663
0.07085870413739268,0.029172521467603407,0.07831381733021078,0.06210526315789466,0.06210526315789475
0.0658818958818959,0.018640248640248713,0.07275835275835277,0.07526315789473681,0.07526315789473684
0.08480000000000001,0.027200000000000002,0.06240000000000001,0.05913043478260871,0.05913043478260871
0.07584935897435899,0.025208333333333388,0.06935897435897437,0.04653061224489796,0.04653061224489796
0.056859865025803896,-0.0007423580786025674,0.062397776895593504,0.08221294363256781,0.08221294363256784
0.07239121912975305,0.02421403371226971,0.07182281458251666,0.0642105263157895,0.06421052631578947
0.0747996826656089,0.024859182863942952,0.07005950019833398,0.04725527831094045,0.04725527831094051
0.07527150217994452,0.03416963931827188,0.07889813713832738,0.04716049382716048,0.047160493827160505
0.07019342359767893,0.034410058027079304,0.08421663442940039,0.04995951417004041,0.04995951417004049
0.060253565768621245,0.01009508716323293,0.06984152139461172,0.04658959537572249,0.04658959537572255
0.07390749601275919,0.003652312599681018,0.04974481658692184,0.09596899224806199,0.09596899224806202
0.06896988906497624,0.017226624405705215,0.06825673534072901,0.07714285714285707,0.07714285714285715
0.06218436873747496,0.011482965931863709,0.06929859719438877,0.07854616895874256,0.07854616895874264
0.06347079037800689,0.005777014127529623,0.062306223749522716,0.08234817813765183,0.08234817813765183
0.0734874290348743,0.050210867802108705,0.09672343876723438,0.04340862422997949,0.04340862422997946
0.07193752471332544,0.024448398576512487,0.07251087386318703,0.04222222222222216,0.04222222222222222
0.05893280632411069,0.022173913043478266,0.0832411067193676,0.0574291115311909,0.05742911153119093
0.06944576405384008,0.0035708630245447903,0.054125098970704666,0.0915953307392996,0.09159533073929962
0.07070643642072215,0.02431711145996862,0.07361067503924648,0.04268041237113396,0.04268041237113401
0.06880478087649404,0.024183266932270908,0.0753784860557769,0.05125000000000002,0.05124999999999999
0.08521394611727418,0.029508716323296325,0.0642947702060222,0.04004089979550096,0.04004089979550102
0.07075128509292211,0.016935547647291438,0.06618426255436932,0.05596837944664024,0.05596837944664032
0.07970564836913287,0.03292760540970563,0.0732219570405728,0.057524177949709876,0.057524177949709876
0.07117934119560798,0.009731598210654724,0.058552257015046766,0.0507984790874525,0.05079847908745247
0.0794488188976378,0.03338582677165358,0.07393700787401575,0.054408602150537555,0.05440860215053764
0.06522280208751506,0.022308309915696545,0.07708550782818147,0.057398373983739814,0.05739837398373984
0.060873015873015884,0.014047619047619087,0.07317460317460317,0.0854618473895582,0.08546184738955823
0.07527119938884647,0.011787624140565334,0.05651642475171886,0.08597938144329897,0.08597938144329897
0.07168539325842697,0.024815409309791314,0.07313001605136438,0.03593927893738136,0.035939278937381414
0.08221069433359937,0.05332003192338386,0.09110933758978451,0.06630738522954094,0.06630738522954091
0.06735234215885948,0.010529531568228112,0.06317718940936864,0.09102803738317755,0.09102803738317758
0.07038314176245213,0.025555555555555554,0.07517241379310344,0.06501061571125266,0.06501061571125266
0.06683794466403163,0.02849802371541499,0.0816600790513834,0.03223628691983116,0.032236286919831214
0.05548136645962734,0.009130434782608665,0.07364906832298138,0.046848249027237276,0.04684824902723736
0.047874702616970674,-0.0004203013481364204,0.07170499603489294,0.10706365503080084,0.10706365503080083
0.06853928148440586,0.010228977497039105,0.061689696012633244,0.10571428571428565,0.10571428571428572
0.0790909090909091,0.03253918495297803,0.07344827586206898,0.08391752577319589,0.08391752577319589
0.07667212443716744,0.027265656979124087,0.0705935325419566,0.08728971962616816,0.08728971962616822
0.08167066346922464,0.034588329336530776,0.07291766586730616,0.09225548902195602,0.0922554890219561
0.0741682898324893,0.007047136735488957,0.0528788469029996,0.058966202783300226,0.0589662027833002
0.061717171717171726,0.006969696969696959,0.06525252525252526,0.09283236994219646,0.09283236994219654
0.0869976171564734,0.054352660841938016,0.08735504368546465,0.054728033472803306,0.05472803347280336
0.06905362776025238,0.0050157728706624605,0.05596214511041009,0.11178356713426851,0.11178356713426854
0.07015600624024962,0.02078003120124805,0.07062402496099843,0.09923728813559318,0.09923728813559322
0.07617670054730259,0.010422204847537198,0.05424550430023456,0.08820083682008362,0.08820083682008367
0.06809947432268501,0.034253942579862584,0.08615446825717751,0.053333333333333344,0.053333333333333344
0.07237042989152272,0.03134993973483324,0.07897950984331056,0.07626283367556463,0.07626283367556469
0.07455445544554457,0.0327722772277228,0.07821782178217823,0.0752915766738661,0.0752915766738661
0.06298597194388779,0.004268537074148315,0.061282565130260536,0.08240310077519375,0.0824031007751938
0.08830322073841321,0.040620581304006254,0.0723173605655931,0.04226980728051388,0.04226980728051391
0.05897637795275591,0.008582677165354324,0.06960629921259842,0.05606557377049182,0.05606557377049182
0.07285487708168122,0.028128469468675643,0.07527359238699444,0.030526315789473624,0.03052631578947368
0.05761377127028097,0.004863474475662821,0.06724970320538187,0.07258964143426294,0.07258964143426294
0.05299960738123284,0.014797801334903826,0.081798193953671,0.08707566462167682,0.0870756646216769
0.07712570056044837,0.012994395516413126,0.055868694955964776,0.08811023622047243,0.08811023622047245
0.06912974683544305,0.013670886075949351,0.06454113924050633,0.0849193548387096,0.08491935483870969
0.06890820865345736,0.027379700768297655,0.07847149211484028,0.05799999999999994,0.057999999999999996
0.07538922155688624,0.03287425149700596,0.07748502994011977,0.04745098039215678,0.047450980392156866
0.069176147508827,0.023628874068262085,0.07445272655943508,0.04716049382716048,0.047160493827160505
0.06540412044374011,0.02316957210776549,0.07776545166402535,0.08042065009560229,0.08042065009560229
0.06421553090332806,0.00969889064976226,0.06548335974643424,0.10548057259713695,0.10548057259713702
0.06988403556242753,-0.00019713954387323707,0.049918824893699254,0.07146443514644352,0.07146443514644352
0.0769582504970179,0.0206958250497018,0.06373757455268389,0.03762295081967215,0.037622950819672124
0.06729299363057326,0.012038216560509518,0.06474522292993631,0.09794432548179866,0.09794432548179871
0.0664439234075811,0.005052754982414975,0.05860883157483393,0.05910386965376779,0.05910386965376782
0.07179299103504484,0.023463732681336613,0.07167074164629178,0.07825242718446601,0.07825242718446601
0.06387264717661195,0.01889867841409698,0.075026031237485,0.038532818532818536,0.038532818532818536
0.06809947432268501,0.009991912656692303,0.06189243833400729,0.07477941176470582,0.07477941176470587
0.06764094362255099,0.012502998800479781,0.06486205517792884,0.05883495145631068,0.05883495145631068
0.07325138778747027,0.03685170499603496,0.08360031720856465,0.051643002028397555,0.051643002028397555
0.06796716184519157,0.006903831118061032,0.05893666927286942,0.0822754491017964,0.0822754491017964
0.06898198903680502,0.003750978856695397,0.05476898981989037,0.0780246913580247,0.0780246913580247
0.052780921584478585,0.0068633791430881,0.07408245755860954,0.05232323232323233,0.05232323232323233
0.07395256916996049,0.032055335968379506,0.07810276679841896,0.08144578313253015,0.08144578313253012
0.07447076805502485,0.032323270920901814,0.07785250286587697,0.06888888888888889,0.06888888888888889
0.07441767068273093,0.017791164658634506,0.06337349397590361,0.055589941972920665,0.05558994197292069
0.07405459654757127,0.02110397430750699,0.06704937775993577,0.0536633663366336,0.053663366336633656
0.07,0.028196721311475437,0.0781967213114754,0.0673282442748091,0.06732824427480916
0.07237261765849864,0.02379229871645272,0.0714196810579541,0.08307053941908715,0.08307053941908712
0.06520494972931169,-0.005328692962103587,0.049466357308584674,0.09975951903807612,0.09975951903807616
0.0689155693261038,0.017095274980635233,0.06817970565453138,0.04306163021868781,0.04306163021868786
0.06548133595284873,0.020884086444007854,0.07540275049115913,0.10492063492063486,0.10492063492063493
0.07691170595285658,0.017902516979624417,0.06099081102676787,0.07796545105566222,0.07796545105566219
0.07292819895707983,0.01929803449659051,0.06636983553951062,0.05265306122448976,0.05265306122448979
0.05995398773006136,-0.004156441717791393,0.055889570552147244,0.08773547094188372,0.08773547094188378
0.06250686543742645,0.0016594743036485449,0.05915260886622206,0.08503067484662574,0.08503067484662577
0.07039370078740159,0.018425196850393677,0.06803149606299214,0.08580086580086577,0.0858008658008658
0.06124460149195132,0.023828032979976488,0.08258343148802513,0.09656903765690372,0.09656903765690376
0.07641387656313031,0.03966518757563531,0.08325131101250505,0.0333874239350912,0.03338742393509128
0.07819929384072187,0.02990584542958019,0.07170655158885839,0.07562632696390659,0.07562632696390659
0.07692989524576956,0.02624496373892027,0.0693150684931507,0.07425101214574892,0.074251012145749
0.06492900608519271,0.028620689655172393,0.08369168356997972,0.11163498098859315,0.11163498098859316
0.0784786053882726,0.03465927099841526,0.07618066561014264,0.055030549898167025,0.055030549898167
0.07230341540905481,0.0333042096902304,0.08100079428117554,0.040116054158607306,0.04011605415860736
0.0710777521170131,0.030200153964588194,0.07912240184757505,0.07360824742268035,0.0736082474226804
0.0628433268858801,0.010425531914893593,0.06758220502901355,0.08888454011741675,0.08888454011741684
0.06940357852882705,0.019502982107355904,0.07009940357852884,0.07361216730038023,0.07361216730038023
0.06134729355985778,0.008048202291584317,0.0667009087317266,0.06458077709611454,0.06458077709611451
0.07633718612993226,0.048397768035073785,0.09206058190514149,0.05910386965376779,0.05910386965376782
0.09096774193548389,0.04419354838709677,0.07322580645161292,0.03563126252505011,0.03563126252505011
0.07378548895899055,0.0160567823343849,0.06227129337539433,0.0756910569105691,0.0756910569105691
0.06980353634577605,0.007131630648330112,0.057328094302554033,0.11072164948453611,0.11072164948453608
0.07137524557956779,0.013025540275049097,0.061650294695481334,0.09743190661478596,0.097431906614786
0.06760260056887446,0.016850873628606267,0.06924827305973183,0.07020242914979757,0.07020242914979757
0.07701402805611224,0.025110220440881736,0.06809619238476955,0.0296234309623431,0.0296234309623431
0.06042175798186836,0.017339377217185703,0.07691761923531731,0.09349397590361441,0.09349397590361447
0.06106928313976773,0.009687625150180179,0.0686183420104125,0.07553470919324579,0.07553470919324579
