car_speed,orientation,p_x,p_y,road_shape,weather
30.71311676104611,-17.0,4.288890546751146,8.280913011344705,1,1
41.96311676104611,-17.0,4.288890546751146,8.280913011344705,1,1
30.71311676104611,-17.0,4.288890546751146,8.280913011344705,1,1
41.96311676104611,-17.0,4.288890546751146,8.280913011344705,1,1
41.96311676104611,-17.0,4.288890546751146,8.280913011344705,1,0
41.96311676104611,-17.0,4.288890546751146,10.0,1,0
41.96311676104611,-17.0,4.288890546751146,10.0,1,1
41.96311676104611,-17.0,4.288890546751146,10.0,0,1
41.96311676104611,-17.0,1.788890546751146,10.0,0,1
41.96311676104611,-30.0,1.788890546751146,10.0,0,1
41.96311676104611,-30.0,0.0,10.0,0,1
41.96311676104611,-30.0,0.0,10.0,0,2
41.96311676104611,-30.0,2.5,10.0,0,2
41.96311676104611,-30.0,2.5,10.0,0,1
41.96311676104611,-15.0,2.5,10.0,0,1
41.96311676104611,-15.0,0.0,10.0,0,1
50.0,-15.0,0.0,10.0,0,1
50.0,-15.0,2.5,10.0,0,1
50.0,-15.0,0.0,10.0,0,1
50.0,-15.0,0.0,7.5,0,1
50.0,-15.0,0.0,7.5,0,0
50.0,-30.0,0.0,7.5,0,0
50.0,-30.0,0.0,5.0,0,0
50.0,-30.0,2.5,5.0,0,0
50.0,-30.0,5.0,5.0,0,0
50.0,-30.0,2.5,5.0,0,0
50.0,-30.0,0.0,5.0,0,0
50.0,-30.0,0.0,7.5,0,0
50.0,-15.0,0.0,7.5,0,0
50.0,-30.0,0.0,7.5,0,0
50.0,-30.0,0.0,5.0,0,0
50.0,-30.0,0.0,7.5,0,0
50.0,-30.0,0.0,5.0,0,0
50.0,-30.0,0.0,7.5,0,0
50.0,-30.0,0.0,5.0,0,0
50.0,-30.0,0.0,5.0,0,1
50.0,-30.0,0.0,7.5,0,1
50.0,-30.0,0.0,7.5,0,2
50.0,-30.0,0.0,7.5,0,1
50.0,-30.0,0.0,7.5,0,2
50.0,-30.0,0.0,7.5,1,2
50.0,-30.0,0.0,7.5,0,2
50.0,-30.0,0.0,10.0,0,2
50.0,-30.0,0.0,10.0,0,1
50.0,-30.0,2.5,10.0,0,1
50.0,-30.0,2.5,10.0,1,1
50.0,-30.0,2.5,10.0,2,1
50.0,-30.0,0.0,10.0,2,1
50.0,-30.0,0.0,10.0,2,2
50.0,-30.0,0.0,10.0,1,2
50.0,-30.0,0.0,10.0,0,2
50.0,-30.0,0.0,10.0,0,1
50.0,-30.0,2.5,10.0,0,1
50.0,-30.0,5.0,10.0,0,1
50.0,-30.0,7.5,10.0,0,1
50.0,-30.0,5.0,10.0,0,1
50.0,-30.0,5.0,10.0,0,2
50.0,-30.0,2.5,10.0,0,2
50.0,-30.0,5.0,10.0,0,2
50.0,-30.0,2.5,10.0,0,2
50.0,-30.0,5.0,10.0,0,2
50.0,-30.0,5.0,10.0,0,1
50.0,-30.0,5.0,7.5,0,1
50.0,-30.0,7.5,7.5,0,1
50.0,-30.0,7.5,10.0,0,1
50.0,-30.0,5.0,10.0,0,1
50.0,-30.0,5.0,10.0,0,2
50.0,-30.0,5.0,10.0,1,2
50.0,-30.0,5.0,10.0,1,1
50.0,-15.0,5.0,10.0,1,1
50.0,-15.0,5.0,10.0,2,1
50.0,-15.0,5.0,10.0,2,2
50.0,-30.0,5.0,10.0,2,2
50.0,-30.0,5.0,7.5,2,2
50.0,-30.0,5.0,7.5,1,2
50.0,-15.0,5.0,7.5,1,2
50.0,-15.0,2.5,7.5,1,2
50.0,-15.0,2.5,7.5,0,2
38.75,-15.0,2.5,7.5,0,2
27.5,-15.0,2.5,7.5,0,2
27.5,-15.0,2.5,5.0,0,2
27.5,-15.0,0.0,5.0,0,2
27.5,-15.0,0.0,5.0,1,2
27.5,-15.0,0.0,7.5,1,2
27.5,-30.0,0.0,7.5,1,2
27.5,-30.0,0.0,7.5,2,2
38.75,-30.0,0.0,7.5,2,2
38.75,-30.0,0.0,10.0,2,2
38.75,-30.0,0.0,10.0,1,2
50.0,-30.0,0.0,10.0,1,2
38.75,-30.0,0.0,10.0,1,2
38.75,-30.0,0.0,10.0,2,2
38.75,-30.0,0.0,10.0,1,2
50.0,-30.0,0.0,10.0,1,2
38.75,-30.0,0.0,10.0,1,2
38.75,-30.0,0.0,10.0,1,1
38.75,-30.0,0.0,10.0,1,2
50.0,-30.0,0.0,10.0,1,2
50.0,-30.0,0.0,10.0,1,1
50.0,-30.0,0.0,10.0,1,0
50.0,-15.0,0.0,10.0,1,0
50.0,-15.0,0.0,10.0,2,0
50.0,-15.0,0.0,10.0,1,0
50.0,-15.0,0.0,10.0,2,0
50.0,-30.0,0.0,10.0,2,0
50.0,-30.0,0.0,10.0,2,1
50.0,-30.0,2.5,10.0,2,1
50.0,-30.0,0.0,10.0,2,1
50.0,-30.0,0.0,10.0,1,1
50.0,-30.0,0.0,10.0,1,0
38.75,-30.0,0.0,10.0,1,0
38.75,-30.0,0.0,10.0,0,0
38.75,-30.0,0.0,10.0,1,0
38.75,-30.0,0.0,10.0,0,0
38.75,-30.0,0.0,10.0,1,0
38.75,-30.0,0.0,10.0,2,0
50.0,-30.0,0.0,10.0,2,0
50.0,-30.0,2.5,10.0,2,0
50.0,-30.0,2.5,10.0,2,1
50.0,-30.0,0.0,10.0,2,1
50.0,-30.0,0.0,10.0,1,1
50.0,-30.0,0.0,10.0,1,2
50.0,-30.0,0.0,10.0,2,2
50.0,-30.0,0.0,10.0,1,2
38.75,-30.0,0.0,10.0,1,2
38.75,-30.0,0.0,7.5,1,2
38.75,-30.0,0.0,10.0,1,2
50.0,-30.0,0.0,10.0,1,2
38.75,-30.0,0.0,10.0,1,2
50.0,-30.0,0.0,10.0,1,2
50.0,-30.0,0.0,10.0,2,2
50.0,-30.0,0.0,10.0,1,2
38.75,-30.0,0.0,10.0,1,2
38.75,-30.0,0.0,7.5,1,2
38.75,-30.0,0.0,10.0,1,2
50.0,-30.0,0.0,10.0,1,2
50.0,-30.0,2.5,10.0,1,2
38.75,-30.0,2.5,10.0,1,2
27.5,-30.0,2.5,10.0,1,2
38.75,-30.0,2.5,10.0,1,2
27.5,-30.0,2.5,10.0,1,2
27.5,-30.0,5.0,10.0,1,2
27.5,-30.0,5.0,10.0,2,2
38.75,-30.0,5.0,10.0,2,2
38.75,-30.0,5.0,10.0,1,2
27.5,-30.0,5.0,10.0,1,2
27.5,-30.0,7.5,10.0,1,2
27.5,-30.0,10.0,10.0,1,2
27.5,-15.0,10.0,10.0,1,2
27.5,-15.0,10.0,10.0,0,2
27.5,-30.0,10.0,10.0,0,2
27.5,-30.0,7.5,10.0,0,2
27.5,-30.0,7.5,10.0,0,1
38.75,-30.0,7.5,10.0,0,1
50.0,-30.0,7.5,10.0,0,1
38.75,-30.0,7.5,10.0,0,1
38.75,-30.0,7.5,10.0,0,2
38.75,-15.0,7.5,10.0,0,2
38.75,-15.0,7.5,10.0,0,1
38.75,-15.0,10.0,10.0,0,1
50.0,-15.0,10.0,10.0,0,1
50.0,-15.0,10.0,10.0,1,1
50.0,-15.0,10.0,10.0,1,2
50.0,-15.0,10.0,7.5,1,2
50.0,-15.0,10.0,7.5,1,1
50.0,-15.0,10.0,5.0,1,1
50.0,-15.0,10.0,5.0,0,1
50.0,-15.0,10.0,5.0,0,2
50.0,-30.0,10.0,5.0,0,2
38.75,-30.0,10.0,5.0,0,2
50.0,-30.0,10.0,5.0,0,2
38.75,-30.0,10.0,5.0,0,2
50.0,-30.0,10.0,5.0,0,2
38.75,-30.0,10.0,5.0,0,2
27.5,-30.0,10.0,5.0,0,2
27.5,-30.0,10.0,5.0,1,2
27.5,-30.0,7.5,5.0,1,2
27.5,-30.0,7.5,5.0,2,2
27.5,-30.0,5.0,5.0,2,2
27.5,-30.0,2.5,5.0,2,2
27.5,-30.0,2.5,5.0,2,1
27.5,-30.0,0.0,5.0,2,1
27.5,-30.0,2.5,5.0,2,1
27.5,-30.0,0.0,5.0,2,1
27.5,-30.0,0.0,5.0,2,0
38.75,-30.0,0.0,5.0,2,0
38.75,-15.0,0.0,5.0,2,0
38.75,-15.0,0.0,7.5,2,0
38.75,-15.0,0.0,5.0,2,0
38.75,-15.0,0.0,7.5,2,0
38.75,-15.0,0.0,5.0,2,0
38.75,-15.0,0.0,7.5,2,0
38.75,-15.0,0.0,5.0,2,0
38.75,-15.0,0.0,7.5,2,0
38.75,-15.0,0.0,5.0,2,0
38.75,-15.0,0.0,7.5,2,0
38.75,-15.0,0.0,5.0,2,0
38.75,-15.0,0.0,7.5,2,0
38.75,-15.0,0.0,5.0,2,0
38.75,-15.0,0.0,7.5,2,0
38.75,-15.0,0.0,5.0,2,0
38.75,-15.0,0.0,7.5,2,0
38.75,-15.0,0.0,5.0,2,0
38.75,-15.0,0.0,7.5,2,0
38.75,-15.0,0.0,5.0,2,0
38.75,-15.0,0.0,7.5,2,0
38.75,-15.0,0.0,5.0,2,0
38.75,-15.0,0.0,7.5,2,0
38.75,-15.0,0.0,5.0,2,0
38.75,-15.0,0.0,7.5,2,0
38.75,-15.0,0.0,5.0,2,0
38.75,-15.0,0.0,7.5,2,0
38.75,-15.0,0.0,5.0,2,0
38.75,-15.0,0.0,7.5,2,0
38.75,-15.0,0.0,5.0,2,0
38.75,0.0,0.0,5.0,2,0
38.75,0.0,0.0,2.5,2,0
50.0,0.0,0.0,2.5,2,0
50.0,0.0,2.5,2.5,2,0
50.0,0.0,2.5,0.0,2,0
50.0,0.0,2.5,0.0,2,1
50.0,15.0,2.5,0.0,2,1
50.0,15.0,2.5,0.0,2,0
50.0,15.0,2.5,0.0,1,0
50.0,0.0,2.5,0.0,1,0
50.0,0.0,2.5,2.5,1,0
50.0,0.0,2.5,0.0,1,0
50.0,0.0,2.5,2.5,1,0
50.0,0.0,2.5,0.0,1,0
50.0,0.0,2.5,2.5,1,0
50.0,0.0,2.5,0.0,1,0
50.0,0.0,2.5,2.5,1,0
50.0,0.0,2.5,0.0,1,0
50.0,0.0,2.5,0.0,2,0
50.0,0.0,2.5,0.0,2,1
50.0,15.0,2.5,0.0,2,1
50.0,15.0,2.5,0.0,2,0
50.0,15.0,2.5,0.0,1,0
50.0,0.0,2.5,0.0,1,0
50.0,0.0,2.5,2.5,1,0
50.0,0.0,2.5,0.0,1,0
50.0,0.0,2.5,2.5,1,0
50.0,0.0,2.5,2.5,2,0
50.0,0.0,2.5,0.0,2,0
50.0,0.0,2.5,0.0,2,1
50.0,15.0,2.5,0.0,2,1
50.0,15.0,2.5,0.0,2,0
50.0,15.0,2.5,0.0,1,0
50.0,0.0,2.5,0.0,1,0
50.0,0.0,2.5,2.5,1,0
50.0,0.0,2.5,0.0,1,0
50.0,0.0,2.5,2.5,1,0
50.0,0.0,2.5,0.0,1,0
50.0,0.0,2.5,2.5,1,0
50.0,0.0,2.5,0.0,1,0
50.0,0.0,2.5,2.5,1,0
50.0,0.0,2.5,0.0,1,0
50.0,0.0,2.5,2.5,1,0
50.0,0.0,2.5,0.0,1,0
50.0,0.0,2.5,2.5,1,0
50.0,0.0,2.5,0.0,1,0
50.0,0.0,2.5,2.5,1,0
50.0,0.0,2.5,0.0,1,0
50.0,0.0,2.5,2.5,1,0
50.0,0.0,2.5,0.0,1,0
50.0,0.0,2.5,2.5,1,0
50.0,0.0,2.5,0.0,1,0
50.0,0.0,2.5,2.5,1,0
50.0,0.0,2.5,0.0,1,0
50.0,0.0,2.5,2.5,1,0
50.0,0.0,2.5,0.0,1,0
50.0,0.0,2.5,2.5,1,0
50.0,0.0,2.5,0.0,1,0
50.0,0.0,2.5,2.5,1,0
38.75,0.0,2.5,2.5,1,0
38.75,0.0,5.0,2.5,1,0
38.75,0.0,7.5,2.5,1,0
38.75,0.0,7.5,0.0,1,0
38.75,0.0,7.5,2.5,1,0
38.75,0.0,7.5,0.0,1,0
38.75,0.0,7.5,2.5,1,0
38.75,0.0,7.5,0.0,1,0
38.75,0.0,7.5,2.5,1,0
38.75,0.0,7.5,0.0,1,0
38.75,0.0,7.5,2.5,1,0
38.75,0.0,7.5,0.0,1,0
38.75,0.0,7.5,2.5,1,0
38.75,0.0,7.5,0.0,1,0
38.75,0.0,7.5,2.5,1,0
38.75,0.0,7.5,0.0,1,0
38.75,0.0,7.5,2.5,1,0
38.75,0.0,7.5,0.0,1,0
38.75,0.0,7.5,2.5,1,0
38.75,0.0,7.5,0.0,1,0
38.75,0.0,7.5,2.5,1,0
38.75,0.0,7.5,0.0,1,0
38.75,0.0,7.5,2.5,1,0
38.75,0.0,7.5,0.0,1,0
38.75,0.0,7.5,2.5,1,0
38.75,0.0,7.5,0.0,1,0
38.75,0.0,7.5,2.5,1,0
38.75,0.0,10.0,2.5,1,0
38.75,0.0,10.0,0.0,1,0
27.5,0.0,10.0,0.0,1,0
27.5,15.0,10.0,0.0,1,0
27.5,15.0,7.5,0.0,1,0
27.5,15.0,7.5,0.0,1,1
27.5,15.0,7.5,0.0,2,1
38.75,15.0,7.5,0.0,2,1
38.75,15.0,10.0,0.0,2,1
38.75,15.0,10.0,0.0,2,2
38.75,15.0,10.0,0.0,1,2
38.75,15.0,10.0,0.0,0,2
50.0,15.0,10.0,0.0,0,2
50.0,15.0,10.0,0.0,1,2
50.0,30.0,10.0,0.0,1,2
50.0,15.0,10.0,0.0,1,2
50.0,30.0,10.0,0.0,1,2
50.0,15.0,10.0,0.0,1,2
50.0,30.0,10.0,0.0,1,2
50.0,15.0,10.0,0.0,1,2
50.0,30.0,10.0,0.0,1,2
50.0,15.0,10.0,0.0,1,2
50.0,30.0,10.0,0.0,1,2
50.0,15.0,10.0,0.0,1,2
50.0,30.0,10.0,0.0,1,2
38.75,30.0,10.0,0.0,1,2
38.75,30.0,10.0,0.0,2,2
38.75,30.0,10.0,0.0,2,1
38.75,30.0,7.5,0.0,2,1
38.75,30.0,7.5,0.0,2,2
38.75,30.0,7.5,2.5,2,2
38.75,15.0,7.5,2.5,2,2
38.75,15.0,7.5,2.5,2,1
38.75,15.0,7.5,5.0,2,1
50.0,15.0,7.5,5.0,2,1
50.0,15.0,7.5,5.0,2,2
50.0,0.0,7.5,5.0,2,2
50.0,0.0,7.5,2.5,2,2
38.75,0.0,7.5,2.5,2,2
38.75,0.0,7.5,5.0,2,2
38.75,0.0,7.5,2.5,2,2
38.75,0.0,7.5,5.0,2,2
38.75,0.0,7.5,2.5,2,2
38.75,0.0,7.5,5.0,2,2
38.75,0.0,7.5,2.5,2,2
38.75,0.0,7.5,5.0,2,2
38.75,0.0,7.5,2.5,2,2
38.75,0.0,7.5,5.0,2,2
38.75,0.0,7.5,2.5,2,2
38.75,0.0,7.5,5.0,2,2
38.75,0.0,7.5,2.5,2,2
38.75,0.0,7.5,5.0,2,2
38.75,0.0,7.5,2.5,2,2
38.75,0.0,7.5,5.0,2,2
38.75,0.0,7.5,2.5,2,2
38.75,0.0,7.5,5.0,2,2
38.75,0.0,7.5,2.5,2,2
38.75,0.0,7.5,5.0,2,2
38.75,0.0,10.0,5.0,2,2
38.75,15.0,10.0,5.0,2,2
50.0,15.0,10.0,5.0,2,2
38.75,15.0,10.0,5.0,2,2
50.0,15.0,10.0,5.0,2,2
38.75,15.0,10.0,5.0,2,2
50.0,15.0,10.0,5.0,2,2
38.75,15.0,10.0,5.0,2,2
50.0,15.0,10.0,5.0,2,2
38.75,15.0,10.0,5.0,2,2
50.0,15.0,10.0,5.0,2,2
38.75,15.0,10.0,5.0,2,2
50.0,15.0,10.0,5.0,2,2
38.75,15.0,10.0,5.0,2,2
50.0,15.0,10.0,5.0,2,2
38.75,15.0,10.0,5.0,2,2
50.0,15.0,10.0,5.0,2,2
38.75,15.0,10.0,5.0,2,2
38.75,15.0,10.0,2.5,2,2
38.75,15.0,10.0,2.5,1,2
38.75,15.0,7.5,2.5,1,2
38.75,15.0,7.5,5.0,1,2
50.0,15.0,7.5,5.0,1,2
50.0,15.0,7.5,5.0,2,2
50.0,0.0,7.5,5.0,2,2
50.0,0.0,7.5,2.5,2,2
38.75,0.0,7.5,2.5,2,2
38.75,0.0,7.5,5.0,2,2
38.75,0.0,7.5,2.5,2,2
38.75,0.0,5.0,2.5,2,2
38.75,0.0,7.5,2.5,2,2
38.75,0.0,7.5,5.0,2,2
38.75,0.0,7.5,2.5,2,2
38.75,0.0,7.5,5.0,2,2
38.75,0.0,7.5,2.5,2,2
38.75,0.0,7.5,5.0,2,2
38.75,0.0,7.5,2.5,2,2
38.75,0.0,7.5,5.0,2,2
38.75,0.0,7.5,2.5,2,2
38.75,0.0,7.5,5.0,2,2
38.75,0.0,7.5,2.5,2,2
38.75,0.0,7.5,5.0,2,2
38.75,0.0,7.5,2.5,2,2
38.75,0.0,7.5,5.0,2,2
38.75,0.0,7.5,2.5,2,2
38.75,0.0,7.5,5.0,2,2
38.75,0.0,7.5,2.5,2,2
38.75,0.0,7.5,5.0,2,2
38.75,0.0,7.5,2.5,2,2
38.75,0.0,7.5,5.0,2,2
38.75,0.0,7.5,2.5,2,2
38.75,0.0,7.5,5.0,2,2
27.5,0.0,7.5,5.0,2,2
16.25,0.0,7.5,5.0,2,2
5.0,0.0,7.5,5.0,2,2
5.0,0.0,7.5,7.5,2,2
5.0,0.0,7.5,10.0,2,2
5.0,-15.0,7.5,10.0,2,2
5.0,-30.0,7.5,10.0,2,2
5.0,-30.0,10.0,10.0,2,2
5.0,-30.0,10.0,10.0,2,1
5.0,-30.0,10.0,10.0,2,2
5.0,-30.0,10.0,10.0,2,1
5.0,-30.0,10.0,7.5,2,1
5.0,-15.0,10.0,7.5,2,1
5.0,-15.0,10.0,7.5,2,2
5.0,-15.0,7.5,7.5,2,2
5.0,-15.0,5.0,7.5,2,2
5.0,-30.0,5.0,7.5,2,2
5.0,-30.0,5.0,10.0,2,2
5.0,-30.0,2.5,10.0,2,2
5.0,-30.0,2.5,7.5,2,2
5.0,-15.0,2.5,7.5,2,2
5.0,-15.0,2.5,10.0,2,2
5.0,-15.0,2.5,7.5,2,2
5.0,-15.0,2.5,10.0,2,2
5.0,-15.0,2.5,7.5,2,2
5.0,-15.0,2.5,10.0,2,2
5.0,-15.0,2.5,7.5,2,2
5.0,-15.0,2.5,10.0,2,2
5.0,-15.0,2.5,7.5,2,2
5.0,-15.0,2.5,10.0,2,2
5.0,-15.0,2.5,7.5,2,2
5.0,-15.0,2.5,10.0,2,2
5.0,-15.0,2.5,7.5,2,2
5.0,-15.0,2.5,10.0,2,2
5.0,-15.0,2.5,7.5,2,2
5.0,-15.0,2.5,10.0,2,2
5.0,-15.0,2.5,7.5,2,2
5.0,-15.0,2.5,10.0,2,2
5.0,-15.0,2.5,7.5,2,2
5.0,-15.0,2.5,10.0,2,2
5.0,-15.0,2.5,7.5,2,2
5.0,-15.0,2.5,10.0,2,2
16.25,-15.0,2.5,10.0,2,2
16.25,-15.0,2.5,10.0,2,1
16.25,-15.0,2.5,7.5,2,1
16.25,-15.0,2.5,10.0,2,1
16.25,-15.0,2.5,7.5,2,1
16.25,-15.0,2.5,10.0,2,1
16.25,-15.0,2.5,10.0,2,2
16.25,-15.0,2.5,10.0,2,1
16.25,-15.0,2.5,7.5,2,1
16.25,-15.0,2.5,10.0,2,1
16.25,-15.0,2.5,10.0,2,2
16.25,-15.0,2.5,10.0,2,1
16.25,-15.0,2.5,7.5,2,1
16.25,-15.0,2.5,10.0,2,1
16.25,-15.0,2.5,10.0,2,2
16.25,-15.0,2.5,7.5,2,2
16.25,-15.0,2.5,7.5,1,2
16.25,-15.0,2.5,5.0,1,2
5.0,-15.0,2.5,5.0,1,2
5.0,-15.0,2.5,2.5,1,2
5.0,-15.0,5.0,2.5,1,2
5.0,0.0,5.0,2.5,1,2
5.0,-15.0,5.0,2.5,1,2
5.0,0.0,5.0,2.5,1,2
5.0,-15.0,5.0,2.5,1,2
5.0,-15.0,5.0,2.5,0,2
5.0,0.0,5.0,2.5,0,2
5.0,0.0,5.0,2.5,0,1
5.0,0.0,5.0,0.0,0,1
5.0,0.0,5.0,2.5,0,1
5.0,0.0,5.0,0.0,0,1
5.0,0.0,5.0,2.5,0,1
5.0,0.0,5.0,0.0,0,1
5.0,0.0,5.0,2.5,0,1
5.0,0.0,5.0,0.0,0,1
5.0,0.0,5.0,2.5,0,1
5.0,0.0,5.0,0.0,0,1
5.0,0.0,5.0,2.5,0,1
5.0,0.0,5.0,0.0,0,1
5.0,0.0,5.0,2.5,0,1
5.0,0.0,5.0,0.0,0,1
5.0,0.0,5.0,2.5,0,1
5.0,0.0,5.0,0.0,0,1
5.0,0.0,5.0,2.5,0,1
5.0,0.0,5.0,5.0,0,1
5.0,0.0,5.0,5.0,1,1
5.0,0.0,7.5,5.0,1,1
16.25,0.0,7.5,5.0,1,1
27.5,0.0,7.5,5.0,1,1
27.5,0.0,7.5,5.0,2,1
27.5,0.0,7.5,2.5,2,1
27.5,15.0,7.5,2.5,2,1
27.5,30.0,7.5,2.5,2,1
27.5,30.0,7.5,2.5,2,0
27.5,30.0,7.5,2.5,1,0
27.5,30.0,7.5,2.5,0,0
27.5,30.0,7.5,2.5,0,1
27.5,30.0,7.5,0.0,0,1
16.25,30.0,7.5,0.0,0,1
16.25,30.0,10.0,0.0,0,1
16.25,15.0,10.0,0.0,0,1
16.25,15.0,7.5,0.0,0,1
16.25,0.0,7.5,0.0,0,1
5.0,0.0,7.5,0.0,0,1
5.0,0.0,5.0,0.0,0,1
5.0,0.0,5.0,2.5,0,1
5.0,0.0,5.0,0.0,0,1
5.0,0.0,5.0,2.5,0,1
5.0,0.0,5.0,0.0,0,1
5.0,0.0,5.0,2.5,0,1
5.0,0.0,5.0,0.0,0,1
5.0,0.0,5.0,2.5,0,1
5.0,0.0,5.0,2.5,0,0
16.25,0.0,5.0,2.5,0,0
16.25,0.0,7.5,2.5,0,0
16.25,0.0,10.0,2.5,0,0
16.25,0.0,10.0,2.5,0,1
16.25,0.0,10.0,2.5,0,2
16.25,15.0,10.0,2.5,0,2
16.25,15.0,10.0,2.5,0,1
16.25,15.0,10.0,2.5,0,0
16.25,15.0,10.0,5.0,0,0
16.25,15.0,7.5,5.0,0,0
16.25,0.0,7.5,5.0,0,0
16.25,0.0,7.5,7.5,0,0
27.5,0.0,7.5,7.5,0,0
27.5,0.0,7.5,10.0,0,0
27.5,0.0,7.5,10.0,0,1
27.5,15.0,7.5,10.0,0,1
27.5,15.0,7.5,10.0,0,0
27.5,30.0,7.5,10.0,0,0
27.5,30.0,10.0,10.0,0,0
27.5,30.0,10.0,10.0,1,0
27.5,30.0,10.0,10.0,1,1
27.5,30.0,10.0,10.0,0,1
38.75,30.0,10.0,10.0,0,1
38.75,30.0,10.0,7.5,0,1
50.0,30.0,10.0,7.5,0,1
50.0,15.0,10.0,7.5,0,1
38.75,15.0,10.0,7.5,0,1
38.75,0.0,10.0,7.5,0,1
50.0,0.0,10.0,7.5,0,1
50.0,0.0,7.5,7.5,0,1
50.0,0.0,7.5,7.5,0,2
50.0,0.0,10.0,7.5,0,2
50.0,0.0,7.5,7.5,0,2
50.0,0.0,10.0,7.5,0,2
50.0,0.0,7.5,7.5,0,2
50.0,0.0,10.0,7.5,0,2
50.0,0.0,7.5,7.5,0,2
50.0,0.0,7.5,5.0,0,2
50.0,-15.0,7.5,5.0,0,2
50.0,0.0,7.5,5.0,0,2
50.0,-15.0,7.5,5.0,0,2
50.0,0.0,7.5,5.0,0,2
50.0,0.0,7.5,5.0,0,1
50.0,0.0,7.5,7.5,0,1
50.0,0.0,7.5,7.5,0,2
50.0,0.0,10.0,7.5,0,2
50.0,0.0,7.5,7.5,0,2
50.0,0.0,10.0,7.5,0,2
50.0,0.0,7.5,7.5,0,2
50.0,0.0,10.0,7.5,0,2
50.0,0.0,7.5,7.5,0,2
50.0,0.0,10.0,7.5,0,2
50.0,0.0,7.5,7.5,0,2
50.0,0.0,10.0,7.5,0,2
50.0,0.0,7.5,7.5,0,2
50.0,0.0,10.0,7.5,0,2
50.0,0.0,10.0,7.5,1,2
50.0,0.0,10.0,7.5,1,1
50.0,15.0,10.0,7.5,1,1
50.0,15.0,10.0,5.0,1,1
50.0,15.0,10.0,7.5,1,1
50.0,15.0,10.0,5.0,1,1
50.0,15.0,10.0,7.5,1,1
50.0,15.0,10.0,5.0,1,1
50.0,15.0,10.0,7.5,1,1
50.0,15.0,10.0,5.0,1,1
50.0,15.0,10.0,7.5,1,1
50.0,15.0,10.0,5.0,1,1
50.0,15.0,10.0,7.5,1,1
50.0,15.0,10.0,5.0,1,1
50.0,15.0,10.0,7.5,1,1
50.0,15.0,10.0,5.0,1,1
50.0,15.0,10.0,7.5,1,1
50.0,15.0,10.0,5.0,1,1
50.0,15.0,10.0,7.5,1,1
50.0,15.0,10.0,5.0,1,1
50.0,15.0,10.0,7.5,1,1
50.0,15.0,10.0,5.0,1,1
50.0,15.0,10.0,7.5,1,1
50.0,15.0,7.5,7.5,1,1
50.0,15.0,7.5,7.5,0,1
50.0,15.0,7.5,7.5,1,1
50.0,15.0,7.5,7.5,0,1
50.0,15.0,7.5,7.5,1,1
50.0,15.0,7.5,7.5,0,1
50.0,15.0,7.5,7.5,1,1
50.0,15.0,7.5,7.5,0,1
50.0,15.0,7.5,7.5,1,1
50.0,15.0,7.5,7.5,0,1
50.0,15.0,7.5,7.5,1,1
50.0,15.0,7.5,7.5,0,1
50.0,15.0,7.5,7.5,1,1
50.0,15.0,7.5,7.5,0,1
50.0,15.0,7.5,7.5,1,1
50.0,15.0,7.5,5.0,1,1
50.0,15.0,7.5,5.0,0,1
50.0,15.0,7.5,2.5,0,1
38.75,15.0,7.5,2.5,0,1
38.75,15.0,7.5,2.5,0,0
38.75,15.0,7.5,2.5,0,1
38.75,15.0,7.5,2.5,0,0
38.75,15.0,7.5,2.5,0,1
38.75,15.0,7.5,2.5,0,0
38.75,15.0,7.5,2.5,0,1
38.75,15.0,7.5,2.5,0,0
38.75,15.0,7.5,2.5,0,1
38.75,15.0,7.5,2.5,0,0
38.75,15.0,7.5,2.5,0,1
38.75,15.0,7.5,2.5,0,0
38.75,15.0,7.5,2.5,0,1
38.75,15.0,7.5,2.5,0,0
38.75,15.0,7.5,2.5,0,1
38.75,15.0,7.5,2.5,0,0
38.75,15.0,7.5,2.5,0,1
38.75,15.0,7.5,2.5,0,0
38.75,15.0,7.5,2.5,0,1
38.75,15.0,7.5,2.5,0,0
38.75,15.0,7.5,2.5,0,1
38.75,15.0,7.5,2.5,0,0
38.75,15.0,7.5,2.5,0,1
38.75,15.0,7.5,2.5,0,0
38.75,15.0,7.5,2.5,0,1
38.75,15.0,7.5,2.5,0,0
38.75,15.0,7.5,2.5,0,1
38.75,15.0,7.5,0.0,0,1
38.75,0.0,7.5,0.0,0,1
38.75,15.0,7.5,0.0,0,1
38.75,0.0,7.5,0.0,0,1
38.75,15.0,7.5,0.0,0,1
38.75,0.0,7.5,0.0,0,1
38.75,15.0,7.5,0.0,0,1
38.75,0.0,7.5,0.0,0,1
38.75,15.0,7.5,0.0,0,1
38.75,0.0,7.5,0.0,0,1
38.75,15.0,7.5,0.0,0,1
38.75,15.0,7.5,0.0,0,0
50.0,15.0,7.5,0.0,0,0
50.0,15.0,7.5,0.0,1,0
50.0,30.0,7.5,0.0,1,0
50.0,30.0,5.0,0.0,1,0
38.75,30.0,5.0,0.0,1,0
38.75,30.0,5.0,0.0,1,1
50.0,30.0,5.0,0.0,1,1
50.0,30.0,5.0,2.5,1,1
50.0,30.0,2.5,2.5,1,1
50.0,30.0,2.5,2.5,1,2
38.75,30.0,2.5,2.5,1,2
38.75,30.0,2.5,0.0,1,2
50.0,30.0,2.5,0.0,1,2
50.0,30.0,2.5,0.0,2,2
50.0,30.0,2.5,2.5,2,2
50.0,30.0,5.0,2.5,2,2
38.75,30.0,5.0,2.5,2,2
38.75,30.0,5.0,0.0,2,2
38.75,30.0,5.0,0.0,1,2
27.5,30.0,5.0,0.0,1,2
27.5,30.0,7.5,0.0,1,2
27.5,30.0,7.5,0.0,1,1
27.5,30.0,7.5,0.0,1,0
27.5,30.0,7.5,0.0,1,1
27.5,30.0,7.5,0.0,1,0
27.5,30.0,7.5,0.0,1,1
27.5,30.0,7.5,0.0,1,0
27.5,30.0,7.5,0.0,1,1
27.5,30.0,7.5,0.0,1,0
27.5,30.0,7.5,0.0,1,1
27.5,30.0,7.5,0.0,1,0
27.5,30.0,7.5,0.0,1,1
27.5,30.0,7.5,0.0,1,0
27.5,30.0,7.5,0.0,1,1
27.5,30.0,7.5,0.0,1,0
27.5,30.0,7.5,0.0,1,1
27.5,30.0,7.5,0.0,1,0
27.5,30.0,7.5,0.0,1,1
27.5,30.0,7.5,0.0,1,0
27.5,30.0,7.5,0.0,1,1
27.5,30.0,7.5,0.0,1,0
27.5,30.0,7.5,0.0,1,1
27.5,30.0,7.5,0.0,1,0
27.5,30.0,7.5,0.0,1,1
27.5,30.0,7.5,0.0,1,0
27.5,30.0,7.5,0.0,1,1
27.5,30.0,7.5,0.0,1,0
27.5,30.0,7.5,0.0,1,1
27.5,30.0,7.5,0.0,1,0
16.25,30.0,7.5,0.0,1,0
16.25,30.0,5.0,0.0,1,0
16.25,30.0,5.0,2.5,1,0
5.0,30.0,5.0,2.5,1,0
5.0,30.0,5.0,2.5,2,0
5.0,30.0,5.0,0.0,2,0
16.25,30.0,5.0,0.0,2,0
16.25,30.0,5.0,0.0,1,0
16.25,30.0,2.5,0.0,1,0
16.25,30.0,2.5,0.0,2,0
16.25,30.0,2.5,2.5,2,0
16.25,30.0,0.0,2.5,2,0
5.0,30.0,0.0,2.5,2,0
5.0,30.0,0.0,2.5,1,0
5.0,30.0,2.5,2.5,1,0
5.0,30.0,2.5,2.5,1,1
5.0,15.0,2.5,2.5,1,1
5.0,15.0,2.5,2.5,1,0
5.0,0.0,2.5,2.5,1,0
5.0,0.0,2.5,5.0,1,0
5.0,0.0,2.5,5.0,0,0
5.0,15.0,2.5,5.0,0,0
5.0,15.0,5.0,5.0,0,0
5.0,0.0,5.0,5.0,0,0
5.0,0.0,5.0,7.5,0,0
5.0,0.0,5.0,7.5,1,0
5.0,15.0,5.0,7.5,1,0
5.0,0.0,5.0,7.5,1,0
5.0,15.0,5.0,7.5,1,0
5.0,0.0,5.0,7.5,1,0
5.0,15.0,5.0,7.5,1,0
5.0,0.0,5.0,7.5,1,0
5.0,15.0,5.0,7.5,1,0
5.0,0.0,5.0,7.5,1,0
5.0,15.0,5.0,7.5,1,0
5.0,0.0,5.0,7.5,1,0
5.0,15.0,5.0,7.5,1,0
5.0,0.0,5.0,7.5,1,0
5.0,15.0,5.0,7.5,1,0
5.0,0.0,5.0,7.5,1,0
5.0,15.0,5.0,7.5,1,0
5.0,0.0,5.0,7.5,1,0
5.0,15.0,5.0,7.5,1,0
5.0,0.0,5.0,7.5,1,0
5.0,15.0,5.0,7.5,1,0
5.0,0.0,5.0,7.5,1,0
5.0,0.0,5.0,7.5,0,0
5.0,0.0,5.0,7.5,1,0
5.0,15.0,5.0,7.5,1,0
5.0,0.0,5.0,7.5,1,0
5.0,15.0,5.0,7.5,1,0
5.0,15.0,5.0,7.5,0,0
16.25,15.0,5.0,7.5,0,0
5.0,15.0,5.0,7.5,0,0
16.25,15.0,5.0,7.5,0,0
5.0,15.0,5.0,7.5,0,0
16.25,15.0,5.0,7.5,0,0
5.0,15.0,5.0,7.5,0,0
16.25,15.0,5.0,7.5,0,0
5.0,15.0,5.0,7.5,0,0
16.25,15.0,5.0,7.5,0,0
5.0,15.0,5.0,7.5,0,0
16.25,15.0,5.0,7.5,0,0
5.0,15.0,5.0,7.5,0,0
16.25,15.0,5.0,7.5,0,0
5.0,15.0,5.0,7.5,0,0
16.25,15.0,5.0,7.5,0,0
5.0,15.0,5.0,7.5,0,0
5.0,0.0,5.0,7.5,0,0
5.0,0.0,5.0,7.5,1,0
5.0,15.0,5.0,7.5,1,0
5.0,0.0,5.0,7.5,1,0
5.0,15.0,5.0,7.5,1,0
5.0,0.0,5.0,7.5,1,0
5.0,15.0,5.0,7.5,1,0
5.0,0.0,5.0,7.5,1,0
5.0,15.0,5.0,7.5,1,0
5.0,0.0,5.0,7.5,1,0
5.0,15.0,5.0,7.5,1,0
5.0,15.0,5.0,5.0,1,0
5.0,15.0,5.0,5.0,2,0
5.0,15.0,7.5,5.0,2,0
5.0,30.0,7.5,5.0,2,0
5.0,30.0,7.5,2.5,2,0
5.0,15.0,7.5,2.5,2,0
5.0,15.0,7.5,2.5,2,1
5.0,15.0,5.0,2.5,2,1
5.0,30.0,5.0,2.5,2,1
5.0,30.0,5.0,2.5,2,0
5.0,30.0,5.0,2.5,2,1
5.0,30.0,5.0,2.5,2,0
5.0,30.0,5.0,0.0,2,0
16.25,30.0,5.0,0.0,2,0
27.5,30.0,5.0,0.0,2,0
27.5,15.0,5.0,0.0,2,0
38.75,15.0,5.0,0.0,2,0
38.75,15.0,7.5,0.0,2,0
38.75,30.0,7.5,0.0,2,0
38.75,30.0,7.5,0.0,1,0
38.75,30.0,10.0,0.0,1,0
38.75,30.0,10.0,0.0,2,0
38.75,30.0,10.0,0.0,2,1
38.75,30.0,7.5,0.0,2,1
38.75,30.0,7.5,0.0,2,2
38.75,30.0,7.5,2.5,2,2
38.75,15.0,7.5,2.5,2,2
38.75,15.0,7.5,2.5,2,1
38.75,15.0,7.5,5.0,2,1
50.0,15.0,7.5,5.0,2,1
50.0,15.0,7.5,5.0,2,2
50.0,0.0,7.5,5.0,2,2
50.0,0.0,7.5,2.5,2,2
38.75,0.0,7.5,2.5,2,2
38.75,0.0,7.5,5.0,2,2
38.75,0.0,7.5,2.5,2,2
50.0,0.0,7.5,2.5,2,2
50.0,0.0,7.5,0.0,2,2
50.0,-15.0,7.5,0.0,2,2
50.0,-15.0,5.0,0.0,2,2
50.0,-15.0,5.0,0.0,2,1
50.0,-15.0,5.0,2.5,2,1
38.75,-15.0,5.0,2.5,2,1
38.75,-15.0,5.0,0.0,2,1
38.75,-15.0,7.5,0.0,2,1
38.75,-30.0,7.5,0.0,2,1
50.0,-30.0,7.5,0.0,2,1
50.0,-30.0,7.5,0.0,1,1
50.0,-30.0,7.5,0.0,1,0
50.0,-30.0,7.5,0.0,2,0
50.0,-30.0,5.0,0.0,2,0
50.0,-30.0,5.0,2.5,2,0
50.0,-30.0,7.5,2.5,2,0
50.0,-30.0,7.5,5.0,2,0
50.0,-15.0,7.5,5.0,2,0
50.0,-15.0,10.0,5.0,2,0
50.0,-15.0,10.0,5.0,1,0
50.0,-30.0,10.0,5.0,1,0
50.0,-30.0,10.0,5.0,2,0
38.75,-30.0,10.0,5.0,2,0
38.75,-15.0,10.0,5.0,2,0
38.75,-15.0,10.0,5.0,1,0
38.75,-15.0,7.5,5.0,1,0
50.0,-15.0,7.5,5.0,1,0
38.75,-15.0,7.5,5.0,1,0
50.0,-15.0,7.5,5.0,1,0
38.75,-15.0,7.5,5.0,1,0
38.75,-15.0,10.0,5.0,1,0
38.75,-15.0,7.5,5.0,1,0
50.0,-15.0,7.5,5.0,1,0
38.75,-15.0,7.5,5.0,1,0
50.0,-15.0,7.5,5.0,1,0
38.75,-15.0,7.5,5.0,1,0
50.0,-15.0,7.5,5.0,1,0
38.75,-15.0,7.5,5.0,1,0
50.0,-15.0,7.5,5.0,1,0
38.75,-15.0,7.5,5.0,1,0
50.0,-15.0,7.5,5.0,1,0
38.75,-15.0,7.5,5.0,1,0
38.75,-15.0,10.0,5.0,1,0
38.75,-15.0,7.5,5.0,1,0
50.0,-15.0,7.5,5.0,1,0
38.75,-15.0,7.5,5.0,1,0
50.0,-15.0,7.5,5.0,1,0
38.75,-15.0,7.5,5.0,1,0
50.0,-15.0,7.5,5.0,1,0
38.75,-15.0,7.5,5.0,1,0
50.0,-15.0,7.5,5.0,1,0
38.75,-15.0,7.5,5.0,1,0
50.0,-15.0,7.5,5.0,1,0
38.75,-15.0,7.5,5.0,1,0
50.0,-15.0,7.5,5.0,1,0
50.0,0.0,7.5,5.0,1,0
50.0,0.0,7.5,7.5,1,0
50.0,0.0,7.5,10.0,1,0
50.0,0.0,7.5,10.0,2,0
50.0,0.0,7.5,10.0,1,0
50.0,0.0,7.5,10.0,2,0
50.0,0.0,7.5,10.0,1,0
50.0,0.0,7.5,10.0,2,0
50.0,0.0,7.5,10.0,1,0
50.0,15.0,7.5,10.0,1,0
50.0,15.0,10.0,10.0,1,0
38.75,15.0,10.0,10.0,1,0
38.75,15.0,10.0,10.0,2,0
38.75,15.0,10.0,10.0,1,0
38.75,15.0,10.0,10.0,2,0
38.75,15.0,10.0,10.0,1,0
38.75,15.0,10.0,10.0,2,0
38.75,15.0,10.0,10.0,1,0
